timestamp,cpu_percent,ram_used_mib,vllm_rss_mib,opensearch_rss_mib,qdrant_rss_mib,valkey_rss_mib,api_rss_mib
1791460796,3.3,7087,0,0,0,0,0
1791460801,5.1,7296,0,46,17,3,0
1791460806,20.4,8435,187,1279,129,11,0
1791460811,6.7,8529,324,1317,130,11,0
1791460816,8.6,8776,393,1311,130,11,0
1791460821,4.7,8895,442,1311,130,11,0
1791460826,4.6,8875,442,1311,128,11,0
1791460831,6.4,8940,464,1313,128,11,0
1791460836,4.4,8974,543,1313,128,11,0
1791460842,4.6,9066,601,1314,128,11,0
1791460847,6.7,9151,667,1314,128,11,0
1791460852,13.3,10504,732,1314,128,11,0
1791460857,7.8,10612,804,1369,142,11,0
1791460862,9.6,11210,1403,1363,174,11,0
1791460867,5.2,9450,1558,1363,155,11,0
1791460872,3.4,9417,1580,1363,155,11,0
1791460877,3.5,9082,969,1363,150,11,0
1791460882,6.9,9447,984,1363,151,11,0
1791460887,5.7,9618,1796,1363,150,11,0
1791460892,1.5,9680,1858,1363,151,11,0
1791460897,5.7,9980,2224,1363,151,11,0
1791460902,10.3,11979,4220,1363,151,11,0
1791460907,10.2,13554,5696,1363,151,11,0
1791460912,3.3,13606,5939,1363,151,11,0
1791460917,1.2,13749,5986,1363,151,11,0
1791460922,6.6,11595,4680,1363,151,11,0
1791460927,10.8,9022,2151,1363,151,11,0
1791460932,5.8,9000,2171,1364,151,11,0
1791460937,5.0,8975,2182,1364,151,11,0
1791460942,3.7,8990,2230,1364,151,11,0
1791460947,2.1,8969,2230,1364,151,11,0
1791460952,1.2,8976,2230,1364,151,11,0
1791460957,0.9,8988,2230,1364,151,11,0
1791460962,1.9,9000,2230,1364,151,11,0
1791460967,1.0,8999,2230,1364,151,11,0
1791460972,1.1,9006,2234,1364,151,11,0
1791460977,4.5,9086,2280,1364,151,11,0
1791460982,4.5,9088,2288,1364,151,11,0
1791460987,5.3,9088,2296,1364,151,11,0
1791460992,5.1,9101,2329,1364,151,11,0
1791460997,5.1,9126,2357,1364,151,11,0
1791461002,11.5,9148,2378,1364,151,11,0
1791461007,5.8,9177,2402,1364,151,11,0
1791461012,5.3,9192,2423,1364,151,11,0
1791461017,4.6,9231,2447,1364,151,11,0
1791461022,5.1,9309,2482,1364,151,11,0
1791461027,5.1,9335,2488,1364,151,11,0
1791461032,5.2,9313,2488,1364,151,11,0
1791461037,5.6,9311,2488,1364,151,11,0
1791461042,4.5,9306,2488,1364,151,11,0
1791461047,5.0,9316,2488,1364,151,11,0
1791461052,4.8,9305,2488,1364,151,11,0
1791461057,4.9,9412,2616,1364,151,11,0
1791461062,5.4,9689,2908,1364,151,11,0
1791461067,4.9,9860,3120,1364,151,11,0
1791461072,3.8,10104,3317,1364,151,11,0
1791461077,5.8,10414,3317,1364,151,11,0
1791461082,5.0,10551,3317,1364,151,11,0
1791461087,11.9,10991,3317,1364,151,11,0
1791461092,7.1,11814,3317,1364,151,11,0
1791461097,3.4,12170,3317,1391,162,11,0
1791461102,6.6,10454,3317,1386,185,11,393
1791461107,6.8,10668,3317,1386,171,11,697
1791461112,10.9,11538,3317,1386,165,11,1945
1791461117,6.1,11708,3317,1386,165,11,2035
1791461122,3.0,11836,3317,1386,164,11,2165
1791461127,7.6,12630,3317,1386,164,11,2922
1791461132,8.3,13065,3317,1386,164,11,3477
1791461137,3.4,12751,3317,1386,164,11,3050
1791461142,1.4,12796,3317,1386,164,11,3053
1791461147,1.0,12789,3317,1386,164,11,3056
1791461152,0.5,12803,3317,1386,164,11,3058
1791461157,0.9,12811,3317,1386,164,11,3061
1791461162,1.6,12822,3317,1386,164,11,3064
1791461167,1.2,12859,3317,1386,164,11,3070
1791461172,1.2,12865,3317,1386,164,11,3080
1791461177,9.9,12896,3317,1386,164,11,3089
1791461182,12.7,13069,3317,1386,164,11,3203
1791461187,3.4,12765,3317,1386,164,11,2883
1791461192,3.3,13564,3406,1396,171,11,3616
1791461197,5.6,13594,3407,1400,180,11,3621
1791461202,8.1,13615,3407,1416,184,11,3621
1791461207,9.6,13628,3407,1443,184,11,3621
1791461212,5.2,13626,3407,1436,191,11,3622
1791461217,6.7,13630,3407,1437,196,11,3623
1791461222,4.9,13621,3407,1437,197,11,3623
1791461227,5.1,13619,3407,1437,198,11,3624
1791461232,4.9,13611,3407,1437,197,11,3624
1791461237,5.7,13610,3408,1437,198,11,3624
1791461242,5.2,13619,3408,1435,198,11,3624
1791461247,5.7,13611,3408,1436,200,11,3625
1791461252,5.6,13603,3408,1437,199,11,3625
1791461257,5.0,13586,3408,1437,201,11,3625
1791461262,5.9,13569,3408,1437,199,11,3625
1791461267,4.9,13565,3408,1437,201,11,3625
1791461272,4.9,13572,3408,1437,200,11,3625
1791461277,5.5,13571,3408,1439,201,11,3625
1791461282,5.4,13584,3408,1439,200,11,3625
1791461287,5.4,13570,3408,1439,200,11,3625
1791461292,5.1,13573,3408,1443,198,11,3625
1791461297,6.1,13640,3409,1467,199,11,3625
1791461302,4.9,13636,3409,1468,199,11,3625
1791461307,5.3,13625,3409,1468,199,11,3625
1791461312,5.2,13603,3409,1468,199,11,3625
1791461317,5.0,13595,3409,1468,199,11,3625
1791461322,5.4,13600,3409,1468,199,11,3625
1791461327,4.6,13599,3409,1468,200,11,3625
1791461332,5.6,13608,3410,1468,199,11,3625
1791461337,5.9,13614,3410,1468,200,11,3626
1791461342,5.1,13621,3410,1468,198,11,3626
1791461347,8.9,13585,3410,1468,198,11,3626
1791461352,8.2,13585,3410,1468,198,11,3626
1791461357,4.6,13580,3410,1468,198,11,3626
1791461362,5.1,13585,3410,1468,199,11,3626
1791461367,5.8,13614,3410,1473,200,11,3626
1791461372,4.6,13611,3410,1468,199,11,3626
1791461377,5.3,13635,3410,1468,200,11,3626
1791461382,5.2,13596,3410,1468,199,11,3626
1791461387,5.2,13569,3410,1468,199,11,3626
1791461392,4.7,13567,3410,1468,199,11,3626
1791461397,5.1,13568,3410,1469,200,11,3626
1791461402,6.2,13568,3410,1469,200,11,3626
1791461407,4.9,13558,3410,1469,201,11,3626
1791461412,5.9,13590,3410,1469,200,11,3626
1791461417,4.9,13601,3410,1469,201,11,3626
1791461422,5.0,13602,3411,1469,200,11,3626
1791461427,5.4,13597,3411,1470,201,11,3626
1791461432,5.5,13587,3411,1470,200,11,3626
1791461437,5.8,13592,3411,1471,202,11,3629
1791461442,6.6,13590,3411,1480,200,11,3629
1791461447,13.4,13720,3411,1518,201,11,3635
1791461452,5.9,13757,3411,1509,201,11,3636
1791461457,5.7,13737,3411,1509,202,11,3635
1791461462,5.3,13770,3411,1509,201,11,3635
1791461467,5.5,13762,3411,1509,201,11,3635
1791461472,5.5,13770,3411,1509,200,11,3635
1791461477,5.6,13757,3411,1509,201,11,3635
1791461482,5.0,13763,3411,1509,201,11,3635
1791461487,5.6,13711,3411,1509,202,11,3635
1791461492,7.2,13771,3411,1509,202,11,3635
1791461497,7.0,13764,3411,1509,202,11,3636
1791461502,7.3,13744,3411,1509,201,11,3636
1791461507,7.2,13779,3411,1509,203,11,3636
1791461512,9.1,13752,3411,1509,203,11,3637
1791461517,8.6,13800,3411,1509,205,11,3637
1791461522,14.9,13758,3411,1509,206,11,3638
1791461527,9.0,13749,3411,1509,207,11,3639
1791461532,11.1,13804,3411,1510,208,11,3640
1791461537,12.0,13803,3411,1510,210,11,3641
1791461542,11.3,13869,3411,1510,210,11,3641
1791461547,11.5,13883,3411,1510,211,11,3641
1791461552,9.9,13869,3411,1511,212,11,3644
1791461557,12.2,13859,3411,1511,214,11,3647
1791461562,11.9,13906,3411,1511,214,11,3647
1791461567,11.9,13895,3411,1505,215,11,3648
1791461572,11.9,13910,3412,1505,215,11,3648
1791461577,11.8,13888,3411,1505,216,11,3648
1791461582,11.5,13865,3412,1505,218,11,3649
1791461587,11.5,13930,3412,1505,219,11,3649
1791461592,11.9,13923,3412,1505,220,11,3649
1791461597,11.1,13928,3412,1505,220,11,3649
1791461602,6.4,13915,3412,1505,214,11,3649
1791461607,5.3,13905,3412,1505,211,11,3648
1791461612,5.1,13850,3412,1505,203,11,3648
1791461617,5.1,13831,3412,1505,203,11,3648
1791461622,5.2,13853,3412,1505,201,11,3648
1791461627,5.2,13852,3412,1505,201,11,3648
1791461632,5.0,13823,3412,1505,200,11,3648
1791461637,5.8,13831,3412,1505,200,11,3648
1791461642,4.8,13843,3412,1505,200,11,3648
1791461647,5.4,13846,3412,1505,201,11,3648
1791461652,5.3,13825,3412,1505,200,11,3648
1791461657,4.8,13835,3412,1505,201,11,3648
1791461662,5.7,13813,3412,1505,201,11,3648
1791461667,5.3,13836,3412,1505,201,11,3648
1791461672,6.7,13791,3412,1505,202,11,3648
1791461677,6.1,13805,3412,1505,203,11,3648
1791461682,6.7,13807,3412,1505,202,11,3648
1791461687,7.0,13840,3412,1505,202,11,3648
1791461692,6.1,13851,3412,1505,202,11,3648
1791461697,12.6,13809,3412,1505,202,11,3649
1791461702,7.7,13814,3412,1506,203,11,3649
1791461707,7.7,13871,3412,1507,204,11,3649
1791461712,8.6,13870,3412,1507,204,11,3649
1791461717,7.5,13875,3412,1507,206,11,3649
1791461722,7.8,13819,3412,1507,204,11,3649
1791461727,6.8,13850,3412,1507,204,11,3649
1791461732,10.4,13890,3413,1507,205,11,3649
1791461738,9.9,13871,3413,1507,206,11,3649
1791461743,9.7,13821,3413,1507,206,11,3649
1791461748,9.2,13876,3413,1507,208,11,3649
1791461753,10.7,13903,3413,1507,208,11,3649
1791461758,9.1,13899,3413,1507,209,11,3649
1791461763,7.8,13879,3413,1507,208,11,3651
1791461768,11.6,13896,3414,1507,210,11,3654
1791461773,10.1,13916,3414,1507,211,11,3655
1791461778,10.4,13892,3414,1507,211,11,3655
1791461783,9.5,13920,3414,1507,212,11,3655
1791461788,10.8,13890,3414,1507,214,11,3655
1791461793,10.1,13910,3415,1507,215,11,3655
1791461798,10.1,13876,3415,1507,215,11,3655
1791461803,10.7,13892,3415,1507,216,11,3655
1791461808,10.4,13880,3415,1507,216,11,3655
1791461813,11.3,13854,3415,1507,217,11,3655
1791461818,9.6,13890,3415,1507,218,11,3655
1791461823,7.0,13871,3415,1507,215,11,3656
1791461828,4.8,13867,3415,1507,212,11,3655
1791461833,5.6,13873,3415,1507,206,11,3654
1791461838,5.0,13863,3415,1507,205,11,3654
1791461843,4.6,13857,3415,1507,202,11,3654
1791461848,5.4,13843,3415,1507,202,11,3654
1791461853,4.6,13836,3415,1507,201,11,3654
1791461858,5.0,13806,3415,1507,201,11,3654
1791461863,5.8,13807,3415,1507,201,11,3654
1791461868,9.2,13736,3415,1507,202,11,3654
1791461873,6.6,13745,3415,1507,202,11,3654
1791461878,5.1,13736,3415,1507,202,11,3654
1791461883,5.3,13744,3415,1507,202,11,3654
1791461888,5.1,13740,3415,1507,202,11,3654
1791461893,5.5,13724,3415,1507,201,11,3654
1791461898,4.9,13723,3415,1507,202,11,3654
1791461903,4.9,13715,3415,1507,201,11,3654
1791461908,5.5,13724,3415,1507,202,11,3654
1791461913,5.6,13728,3415,1507,201,11,3654
1791461918,5.0,13721,3415,1507,201,11,3654
1791461923,5.0,13717,3415,1507,200,11,3654
1791461928,6.1,13741,3415,1508,201,11,3654
1791461933,4.6,13732,3415,1508,201,11,3654
1791461938,5.5,13717,3415,1508,201,11,3654
1791461943,4.7,13707,3415,1508,200,11,3654
1791461948,4.9,13727,3415,1508,201,11,3654
1791461953,5.8,13740,3415,1508,200,11,3654
1791461958,5.2,13734,3415,1508,201,11,3655
1791461963,5.6,13731,3415,1508,200,11,3655
1791461968,4.9,13714,3415,1508,200,11,3655
1791461973,5.1,13739,3415,1508,200,11,3655
1791461978,5.1,13738,3415,1508,200,11,3655
1791461983,5.3,13730,3415,1508,199,11,3655
1791461988,5.1,13729,3415,1508,200,11,3655
1791461993,4.8,13729,3415,1508,200,11,3655
1791461998,5.6,13743,3415,1508,200,11,3655
1791462003,5.7,13776,3415,1508,199,11,3655
1791462008,5.4,13776,3415,1508,200,11,3655
1791462013,5.4,13755,3415,1508,200,11,3655
1791462018,5.0,13768,3415,1508,201,11,3655
1791462023,5.1,13787,3415,1508,200,11,3655
1791462028,5.5,13805,3415,1508,201,11,3655
1791462033,4.8,13804,3415,1508,201,11,3655
1791462038,5.3,13792,3415,1508,201,11,3655
1791462043,12.7,14376,3415,1508,200,11,3655
1791462048,5.3,14660,3415,1508,201,11,3655
1791462053,5.0,14627,3415,1508,200,11,3655
1791462058,5.2,14610,3415,1508,201,11,3655
1791462063,5.4,14609,3415,1508,201,11,3655
1791462068,4.8,14603,3415,1508,201,11,3655
1791462073,4.9,14596,3415,1508,201,11,3655
1791462078,5.2,14601,3415,1508,201,11,3655
1791462083,5.0,14594,3415,1508,200,11,3655
1791462088,5.6,14576,3415,1508,201,11,3655
1791462093,4.9,14577,3415,1508,201,11,3655
1791462098,5.1,14581,3415,1508,201,11,3655
1791462103,5.0,14584,3415,1508,201,11,3655
1791462108,5.3,14593,3415,1508,201,11,3655
1791462113,5.0,14583,3415,1508,201,11,3655
1791462118,4.9,14582,3415,1508,201,11,3655
1791462123,5.2,14574,3415,1508,201,11,3655
1791462128,5.2,14616,3415,1508,201,11,3655
1791462133,5.2,14589,3415,1508,200,11,3655
1791462138,5.0,14600,3415,1508,200,11,3655
1791462143,5.1,14594,3415,1508,200,11,3655
1791462148,4.9,14572,3415,1508,200,11,3655
1791462153,5.0,14557,3415,1508,200,11,3655
1791462158,5.0,14559,3415,1508,200,11,3655
1791462163,5.2,14539,3415,1508,200,11,3655
1791462168,5.1,14536,3415,1508,200,11,3655
1791462173,5.2,14530,3415,1508,200,11,3655
1791462178,5.3,14547,3415,1508,200,11,3655
1791462183,4.7,14543,3415,1508,200,11,3655
1791462188,6.3,14593,3415,1508,200,11,3655
1791462193,4.8,14579,3415,1508,199,11,3655
1791462198,4.7,14573,3415,1508,199,11,3655
1791462203,5.0,14566,3415,1508,199,11,3655
1791462208,5.2,14572,3415,1508,199,11,3655
1791462213,6.4,14589,3415,1508,200,11,3655
1791462218,10.7,14612,3415,1508,200,11,3655
1791462223,5.6,14617,3415,1508,200,11,3655
1791462228,5.0,14623,3415,1508,200,11,3655
1791462233,5.0,14609,3415,1508,201,11,3655
1791462238,5.2,14607,3415,1508,201,11,3655
1791462243,5.0,14614,3415,1508,201,11,3655
1791462248,5.1,14614,3415,1508,200,11,3655
1791462253,4.9,14610,3415,1508,200,11,3655
1791462258,5.6,14608,3415,1508,200,11,3655
1791462263,5.2,14624,3415,1508,201,11,3655
1791462268,5.0,14615,3415,1508,201,11,3655
1791462273,5.2,14608,3415,1508,202,11,3655
1791462278,5.3,14604,3415,1508,202,11,3655
1791462283,4.7,14617,3415,1508,201,11,3655
1791462288,5.5,14597,3415,1508,201,11,3655
1791462293,5.1,14604,3415,1508,202,11,3655
1791462298,4.8,14601,3415,1508,202,11,3655
1791462303,6.7,14598,3415,1508,202,11,3655
1791462308,4.7,14588,3415,1508,201,11,3655
1791462313,5.5,14581,3415,1508,201,11,3655
1791462318,5.0,14587,3415,1508,201,11,3655
1791462323,4.7,14584,3415,1508,201,11,3655
1791462328,5.2,14587,3415,1508,201,11,3655
1791462333,5.1,14563,3415,1508,201,11,3655
1791462338,5.5,14563,3415,1508,201,11,3655
1791462343,4.8,14571,3415,1508,201,11,3655
1791462348,5.4,14584,3415,1508,201,11,3655
1791462353,4.8,14584,3415,1508,201,11,3655
1791462358,5.2,14586,3415,1508,200,11,3655
1791462363,5.3,14577,3415,1508,201,11,3655
1791462368,5.0,14585,3415,1508,200,11,3655
1791462373,5.2,14558,3415,1508,201,11,3655
1791462378,5.0,14550,3415,1508,201,11,3655
1791462383,5.2,14552,3415,1508,200,11,3655
1791462388,10.1,14583,3415,1508,200,11,3655
1791462393,7.4,14595,3415,1508,200,11,3655
1791462398,4.9,14585,3415,1508,200,11,3655
1791462403,4.6,14590,3415,1508,201,11,3655
1791462408,5.8,14582,3415,1508,201,11,3655
1791462413,5.1,14584,3415,1508,201,11,3655
1791462418,5.3,14624,3415,1508,200,11,3655
1791462423,5.8,14624,3415,1508,201,11,3655
1791462428,6.1,14651,3415,1508,200,11,3655
1791462433,5.6,14608,3415,1508,200,11,3655
1791462438,5.7,14603,3415,1508,200,11,3655
1791462443,4.7,14607,3415,1508,201,11,3655
1791462448,4.7,14606,3415,1508,201,11,3655
1791462453,5.2,14600,3415,1508,202,11,3655
1791462458,4.8,14588,3415,1508,201,11,3655
1791462463,5.6,14588,3415,1508,201,11,3655
1791462468,4.9,14584,3415,1508,201,11,3655
1791462473,5.0,14595,3415,1508,201,11,3655
1791462478,5.0,14596,3415,1508,201,11,3655
1791462483,5.4,14612,3415,1508,201,11,3655
1791462488,5.0,14613,3415,1508,201,11,3655
1791462493,4.7,14608,3415,1508,201,11,3655
1791462498,5.5,14609,3415,1508,201,11,3655
1791462503,5.0,14623,3415,1508,201,11,3655
1791462508,5.0,14633,3415,1508,201,11,3655
1791462513,5.3,14625,3415,1508,201,11,3655
1791462518,5.0,14623,3415,1508,200,11,3655
1791462523,5.1,14629,3415,1508,200,11,3655
1791462528,5.4,14632,3415,1512,200,11,3655
1791462533,5.1,14623,3415,1507,201,11,3655
1791462538,5.0,14604,3415,1507,201,11,3655
1791462543,5.4,14612,3415,1507,201,11,3655
1791462548,4.7,14617,3415,1507,200,11,3655
1791462553,5.1,14607,3415,1507,201,11,3655
1791462558,5.1,14586,3415,1507,200,11,3655
1791462563,12.1,14619,3415,1507,200,11,3655
1791462568,5.5,14610,3415,1507,200,11,3655
1791462573,5.1,14607,3415,1507,201,11,3655
1791462578,5.2,14599,3415,1507,200,11,3655
1791462583,5.5,14589,3415,1507,201,11,3655
1791462588,5.4,14598,3415,1507,200,11,3655
1791462593,4.9,14595,3415,1507,201,11,3655
1791462598,5.1,14600,3415,1507,200,11,3655
1791462603,5.9,14614,3415,1507,201,11,3655
1791462608,5.6,14609,3415,1507,200,11,3655
1791462613,5.3,14603,3415,1507,200,11,3655
1791462618,5.3,14585,3415,1507,200,11,3655
1791462623,5.1,14604,3415,1507,201,11,3655
1791462628,4.9,14625,3415,1507,200,11,3655
1791462633,6.0,14605,3415,1507,201,11,3655
1791462638,4.6,14601,3415,1507,200,11,3655
1791462643,5.2,14602,3415,1507,201,11,3655
1791462649,5.1,14587,3415,1507,201,11,3655
1791462654,5.1,14615,3415,1507,201,11,3655
1791462659,5.5,14588,3415,1507,200,11,3655
1791462664,5.4,14589,3415,1507,201,11,3655
1791462669,5.0,14580,3415,1507,200,11,3655
1791462674,5.0,14587,3415,1507,201,11,3655
1791462679,5.4,14590,3415,1507,200,11,3655
1791462684,5.0,14595,3415,1507,201,11,3655
1791462689,5.3,14565,3415,1507,200,11,3655
1791462694,7.2,11619,3415,1507,200,11,0
1791462699,13.2,13789,3415,1507,199,11,0
1791462704,5.1,13863,3415,1507,204,11,0
1791462709,6.1,13876,3415,1507,204,11,0
1791462714,5.2,13846,3415,1507,205,11,0
1791462719,4.9,13800,3415,1507,202,11,0
1791462724,6.2,13759,3415,1507,202,11,0
1791462729,4.9,13771,3415,1507,200,11,0
1791462734,7.3,13713,3415,1507,201,11,0
1791462739,9.8,13717,3415,1507,201,11,0
1791462744,5.5,13738,3415,1507,201,11,0
1791462749,5.1,13745,3415,1507,201,11,0
1791462754,5.0,13743,3415,1507,201,11,0
1791462759,5.9,13764,3415,1507,200,11,0
1791462764,4.8,13748,3415,1507,201,11,0
1791462769,5.0,13738,3415,1508,200,11,0
1791462774,5.4,13723,3415,1508,201,11,0
1791462779,4.9,13723,3415,1508,200,11,0
1791462784,5.8,13729,3415,1508,201,11,0
1791462789,5.5,13739,3415,1508,201,11,0
1791462794,5.3,13737,3415,1508,203,11,0
1791462799,4.9,13734,3415,1508,201,11,0
1791462804,4.9,13726,3415,1508,202,11,0
1791462809,6.1,13766,3415,1508,202,11,0
1791462814,5.0,13769,3415,1508,203,11,0
1791462819,5.0,13770,3415,1508,202,11,0
1791462824,4.9,13768,3415,1508,203,11,0
1791462829,5.6,13778,3415,1508,201,11,0
1791462834,5.2,13784,3415,1508,202,11,0
1791462839,5.7,13762,3415,1508,204,11,0
1791462844,5.3,13769,3415,1508,207,11,0
1791462849,5.1,13775,3415,1508,203,11,0
1791462854,5.3,13769,3415,1508,203,11,0
1791462859,5.5,13777,3415,1508,201,11,0
1791462864,5.1,13776,3415,1508,201,11,0
1791462869,5.6,13779,3415,1508,200,11,0
1791462874,5.6,13749,3415,1508,201,11,0
1791462879,4.7,13743,3415,1508,200,11,0
1791462884,5.6,13758,3415,1508,201,11,0
1791462889,5.2,13762,3415,1509,201,11,0
1791462894,4.7,13758,3415,1504,202,11,0
1791462899,5.0,13748,3415,1504,200,11,0
1791462904,5.9,13817,3415,1504,201,11,0
1791462909,10.7,13745,3415,1504,199,11,0
1791462914,6.0,13734,3415,1504,201,11,0
1791462919,6.2,13705,3415,1504,200,11,0
1791462924,4.7,13699,3415,1504,201,11,0
1791462929,4.8,13695,3415,1504,201,11,0
1791462934,6.0,13713,3415,1504,202,11,0
1791462939,5.1,13715,3415,1504,201,11,0
1791462944,5.2,13696,3415,1504,203,11,0
1791462949,5.2,13708,3415,1504,202,11,0
1791462954,5.1,13705,3415,1504,203,11,0
1791462959,5.4,13742,3415,1504,202,11,0
1791462964,5.8,13744,3415,1504,202,11,0
1791462969,4.8,13738,3415,1504,201,11,0
1791462974,4.7,13733,3415,1504,202,11,0
1791462979,5.3,13726,3415,1504,201,11,0
1791462984,5.1,13730,3415,1504,202,11,0
1791462989,5.6,13731,3415,1504,201,11,0
1791462994,5.0,13735,3415,1504,203,11,0
1791462999,5.2,13725,3415,1504,201,11,0
1791463004,5.0,13714,3415,1504,202,11,0
1791463009,5.5,13742,3415,1504,202,11,0
1791463014,5.3,13730,3415,1504,203,11,0
1791463019,4.7,13729,3415,1504,201,11,0
1791463024,5.3,13743,3415,1504,201,11,0
1791463029,4.9,13766,3415,1504,201,11,0
1791463034,5.4,13747,3415,1504,202,11,0
1791463039,5.0,13733,3415,1504,201,11,0
1791463044,7.5,11667,3415,1504,200,11,0
1791463049,14.5,14052,3415,1504,199,11,0
1791463054,4.6,14067,3415,1504,199,11,0
1791463059,5.4,14020,3415,1504,202,11,0
1791463064,5.2,13953,3415,1504,203,11,0
1791463069,5.4,13866,3415,1504,203,11,0
1791463074,4.7,13810,3415,1504,203,11,0
1791463079,5.1,13757,3415,1504,203,11,0
1791463084,12.1,13719,3415,1504,204,11,0
1791463089,5.5,13708,3415,1504,203,11,0
1791463094,5.7,13735,3415,1504,203,11,0
1791463099,4.9,13730,3415,1504,202,11,0
1791463104,5.0,13736,3415,1504,203,11,0
1791463109,5.1,13735,3415,1504,202,11,0
1791463114,6.0,13733,3415,1504,203,11,0
1791463119,4.7,13728,3415,1504,202,11,0
1791463124,5.1,13718,3415,1504,203,11,0
1791463129,5.7,13699,3415,1504,202,11,0
1791463134,5.2,13721,3415,1504,202,11,0
1791463139,5.3,13686,3415,1504,201,11,0
1791463144,5.2,13668,3415,1504,202,11,0
1791463149,5.9,13682,3415,1504,202,11,0
1791463154,5.2,13678,3415,1504,203,11,0
1791463159,6.5,13708,3415,1504,202,11,0
1791463164,4.7,13700,3415,1504,203,11,0
1791463169,5.1,13677,3415,1504,201,11,0
1791463174,4.9,13666,3415,1504,202,11,0
1791463179,5.2,13672,3415,1504,201,11,0
1791463184,5.4,13667,3415,1504,203,11,0
1791463189,5.0,13675,3415,1504,202,11,0
1791463194,5.3,13690,3415,1504,203,11,0
1791463199,4.8,13686,3415,1504,202,11,0
1791463204,6.4,13678,3415,1504,203,11,0
1791463209,5.1,13665,3415,1504,202,11,0
1791463214,5.4,13665,3415,1504,203,11,0
1791463219,5.1,13666,3415,1504,202,11,0
1791463224,5.4,13682,3415,1504,203,11,0
1791463229,5.0,13680,3415,1504,202,11,0
1791463234,5.4,13687,3415,1504,203,11,0
1791463239,5.0,13660,3415,1504,201,11,0
1791463244,4.9,13653,3415,1504,202,11,0
1791463249,5.3,13661,3415,1504,201,11,0
1791463254,7.4,13662,3415,1504,202,11,0
1791463259,9.2,13673,3415,1504,201,11,0
1791463264,5.0,13676,3415,1504,203,11,0
1791463269,5.5,13674,3415,1504,201,11,0
1791463274,5.9,13683,3415,1504,202,11,0
1791463279,7.4,13672,3415,1504,201,11,0
1791463284,7.3,13676,3415,1504,202,11,0
1791463289,5.6,13692,3415,1504,201,11,0
1791463294,5.5,13680,3415,1504,201,11,0
1791463299,17.7,13756,3415,1504,202,11,0
1791463304,9.8,13748,3415,1504,202,11,0
1791463309,11.2,13719,3415,1504,201,11,0
1791463314,10.3,13790,3415,1504,202,11,0
1791463319,7.3,13775,3415,1504,201,11,0
1791463324,5.7,13759,3415,1504,202,11,0
1791463329,5.4,13781,3415,1504,202,11,0
1791463334,5.8,13763,3415,1504,202,11,0
1791463339,6.1,13747,3415,1504,201,11,0
1791463344,4.9,13764,3415,1504,202,11,0
1791463349,5.1,13757,3415,1504,201,11,0
1791463354,6.2,13751,3415,1504,202,11,0
1791463359,6.2,13729,3415,1504,201,11,0
1791463364,7.8,13770,3415,1504,202,11,0
1791463369,5.1,13740,3415,1504,200,11,0
1791463374,5.3,13722,3415,1504,202,11,0
1791463379,4.7,13717,3415,1504,201,11,0
1791463384,6.1,13695,3415,1504,203,11,0
1791463389,5.2,13715,3415,1504,200,11,0
1791463394,4.7,13715,3415,1504,202,11,0
1791463399,6.3,13686,3415,1504,201,11,0
1791463404,4.9,13685,3415,1504,202,11,0
1791463409,5.4,13711,3415,1504,200,11,0
1791463414,5.1,13700,3415,1504,203,11,0
1791463419,5.3,13707,3415,1504,201,11,0
1791463424,4.9,13722,3415,1504,202,11,0
1791463429,11.2,13699,3415,1504,200,11,0
1791463434,5.8,13689,3415,1504,202,11,0
1791463439,5.0,13690,3415,1504,200,11,0
1791463444,5.8,13680,3415,1504,201,11,0
1791463449,5.1,13692,3415,1504,200,11,0
1791463454,5.3,13694,3415,1504,203,11,0
1791463459,5.4,13692,3415,1504,200,11,0
1791463464,5.2,13675,3415,1504,203,11,0
1791463469,4.7,13672,3415,1504,201,11,0
1791463474,5.4,13681,3415,1504,203,11,0
1791463479,5.2,13662,3415,1504,200,11,0
1791463484,5.8,13661,3415,1504,202,11,0
1791463489,5.3,13658,3415,1504,201,11,0
1791463494,4.7,13655,3415,1504,202,11,0
1791463499,5.1,13648,3415,1504,201,11,0
1791463504,6.3,13704,3415,1504,202,11,0
1791463509,5.2,13701,3415,1504,201,11,0
1791463514,4.8,13693,3415,1504,202,11,0
1791463519,5.2,13705,3415,1504,200,11,0
1791463524,5.2,13702,3415,1504,201,11,0
1791463529,5.2,13686,3415,1504,200,11,0
1791463534,5.6,13705,3415,1504,202,11,0
1791463539,5.3,13713,3415,1504,200,11,0
1791463544,5.1,13730,3415,1504,202,11,0
1791463549,5.0,13712,3415,1504,201,11,0
1791463554,5.0,13695,3415,1504,202,11,0
1791463559,5.4,13715,3415,1504,200,11,0
1791463565,4.8,13716,3415,1504,202,11,0
1791463570,5.5,13731,3415,1504,201,11,0
1791463575,5.6,13716,3415,1504,202,11,0
1791463580,5.1,13735,3415,1504,201,11,0
1791463585,5.6,13731,3415,1504,203,11,0
1791463590,5.2,13722,3415,1504,201,11,0
1791463595,5.0,13714,3415,1504,202,11,0
1791463600,5.2,13692,3415,1504,200,11,0
1791463605,12.0,13714,3415,1504,202,11,0
1791463610,5.5,13714,3415,1504,201,11,0
1791463615,5.8,13712,3415,1504,203,11,0
1791463620,5.1,13672,3415,1504,201,11,0
1791463625,5.3,13687,3415,1504,203,11,0
1791463630,4.9,13681,3415,1504,200,11,0
1791463635,5.8,13696,3415,1504,202,11,0
1791463640,5.2,13705,3415,1504,200,11,0
1791463645,5.1,13701,3415,1504,202,11,0
1791463650,5.4,13695,3415,1504,201,11,0
1791463655,4.9,13677,3415,1504,201,11,0
1791463660,7.6,11603,3415,1504,199,11,0
1791463665,9.6,12972,3415,1504,199,11,0
1791463670,9.4,12930,3415,1504,198,11,0
1791463675,12.7,13607,3415,1504,198,11,0
1791463680,4.4,13472,3415,1504,202,11,0
1791463685,6.0,13494,3415,1504,207,11,0
1791463690,5.1,13482,3415,1504,205,11,0
1791463695,5.2,13462,3415,1504,206,11,0
1791463700,5.3,13453,3415,1504,202,11,0
1791463705,5.7,13438,3415,1504,204,11,0
1791463710,5.8,13446,3415,1504,202,11,0
1791463715,5.0,13443,3415,1504,203,11,0
1791463720,5.0,13439,3415,1504,202,11,0
1791463725,4.7,13437,3415,1504,203,11,0
1791463730,5.0,13438,3415,1504,202,11,0
1791463735,5.8,13439,3415,1504,203,11,0
1791463740,5.5,13432,3415,1504,201,11,0
1791463745,4.7,13423,3415,1504,203,11,0
1791463750,5.7,13418,3415,1504,202,11,0
1791463755,4.6,13414,3415,1504,203,11,0
1791463760,5.4,13419,3415,1504,202,11,0
1791463765,5.4,13430,3415,1504,203,11,0
1791463770,5.1,13438,3415,1504,203,11,0
1791463775,8.3,13428,3415,1504,204,11,0
1791463780,8.3,13446,3415,1504,203,11,0
1791463785,5.9,13439,3415,1504,204,11,0
1791463790,4.8,13445,3415,1504,203,11,0
1791463795,5.8,13424,3415,1504,205,11,0
1791463800,5.3,13439,3415,1504,203,11,0
1791463805,5.6,13473,3415,1504,204,11,0
1791463810,5.7,13458,3415,1504,202,11,0
1791463815,6.4,11483,3415,1504,202,11,0
1791463820,5.1,11697,3415,1504,200,11,0
1791463825,15.1,13876,3415,1504,200,11,0
1791463830,5.5,13708,3415,1504,204,11,0
1791463835,5.6,13657,3415,1504,208,11,0
1791463840,6.1,13597,3415,1504,205,11,0
1791463845,4.8,13586,3415,1504,207,11,0
1791463850,4.7,13550,3415,1504,203,11,0
1791463855,5.5,13475,3415,1504,204,11,0
1791463860,5.1,13462,3415,1504,201,11,0
1791463865,5.3,13439,3415,1504,203,11,0
1791463870,5.3,13420,3415,1504,202,11,0
1791463875,5.1,13415,3415,1504,204,11,0
1791463880,5.1,13411,3415,1504,202,11,0
1791463885,5.3,13382,3415,1504,203,11,0
1791463890,5.3,13416,3415,1504,202,11,0
1791463895,4.9,13411,3415,1504,203,11,0
1791463900,5.2,13402,3415,1504,202,11,0
1791463905,4.9,13399,3415,1504,204,11,0
1791463910,5.7,13390,3415,1504,202,11,0
1791463915,5.4,13405,3415,1504,204,11,0
1791463920,5.1,13391,3415,1504,203,11,0
1791463925,5.2,13422,3415,1504,204,11,0
1791463930,5.5,13433,3415,1504,202,11,0
1791463935,5.6,13473,3415,1504,204,11,0
1791463940,4.8,13462,3415,1504,203,11,0
1791463945,5.9,13456,3415,1504,205,11,0
1791463950,11.1,13433,3415,1504,202,11,0
1791463955,5.1,13418,3415,1504,204,11,0
1791463960,5.5,13409,3415,1504,203,11,0
1791463965,5.6,13438,3415,1504,208,11,0
1791463970,5.4,13439,3415,1504,205,11,0
1791463975,5.4,13431,3415,1504,206,11,0
1791463980,5.0,13430,3415,1504,203,11,0
1791463985,5.0,13416,3415,1504,204,11,0
1791463990,5.4,13421,3415,1504,202,11,0
1791463995,5.1,13423,3415,1504,203,11,0
1791464000,5.2,13425,3415,1504,203,11,0
1791464005,4.9,13423,3415,1504,203,11,0
1791464010,5.1,13403,3415,1504,202,11,0
1791464015,5.6,13387,3415,1504,204,11,0
1791464020,5.0,13396,3415,1504,203,11,0
1791464025,5.3,13390,3415,1504,204,11,0
1791464030,4.8,13386,3415,1504,202,11,0
1791464035,5.8,13378,3415,1504,203,11,0
1791464040,4.8,13385,3415,1504,202,11,0
1791464045,5.3,13401,3415,1504,203,11,0
1791464050,5.0,13393,3415,1504,202,11,0
1791464055,5.4,13421,3415,1504,204,11,0
1791464060,5.7,13413,3415,1504,203,11,0
1791464065,5.3,13399,3415,1504,205,11,0
1791464070,5.2,13386,3415,1504,203,11,0
1791464075,5.0,13393,3415,1504,205,11,0
1791464080,5.5,13389,3415,1504,203,11,0
1791464085,5.1,13388,3415,1504,204,11,0
1791464090,5.6,13386,3415,1504,203,11,0
1791464095,5.2,13391,3415,1504,204,11,0
1791464100,5.1,13396,3415,1504,203,11,0
1791464105,6.4,13404,3415,1504,205,11,0
1791464110,5.4,13405,3415,1504,203,11,0
1791464115,5.2,13401,3415,1504,205,11,0
1791464120,5.3,13420,3415,1504,203,11,0
1791464125,12.3,13368,3415,1504,205,11,0
1791464130,5.5,13380,3415,1504,204,11,0
1791464135,5.1,13377,3415,1504,205,11,0
1791464140,5.5,13392,3415,1504,202,11,0
1791464145,5.1,13377,3415,1504,204,11,0
1791464150,5.1,13362,3415,1504,202,11,0
1791464155,5.4,13349,3415,1504,203,11,0
1791464160,5.7,13261,3415,1504,202,11,0
1791464165,3.9,9253,1072,1504,202,11,0
1791464170,8.9,8861,618,1504,200,11,0
1791464175,4.0,9051,802,1504,200,11,0
1791464180,7.0,9427,1476,1504,199,11,0
1791464185,6.6,9044,852,1504,199,11,0
1791464190,4.7,9444,994,1504,199,11,0
1791464195,8.1,9687,994,1504,199,11,0
1791464200,6.7,10120,2222,1504,199,11,0
1791464205,14.2,11016,3256,1504,199,11,0
1791464210,11.7,13594,5759,1504,199,11,0
1791464215,14.0,15893,8089,1504,188,11,0
1791464220,11.3,12055,4341,1504,186,11,0
1791464225,3.2,12137,4368,1504,186,11,0
1791464230,3.2,12157,4378,1504,186,11,0
1791464235,3.9,10055,2276,1504,186,11,0
1791464240,0.8,10084,2516,1504,186,11,0
1791464245,1.2,10089,2564,1504,186,11,0
1791464250,1.1,10069,3002,1504,186,11,0
1791464255,1.7,10075,3084,1504,186,11,0
1791464260,1.1,10074,3245,1504,186,11,0
1791464265,0.7,10088,3287,1504,186,11,0
1791464270,1.0,10080,3354,1504,186,11,0
1791464275,1.1,10094,3441,1504,186,11,0
1791464280,0.9,10098,3459,1504,186,11,0
1791464285,1.6,10111,2239,1504,186,11,0
1791464290,1.3,10116,2257,1504,186,11,0
1791464295,0.9,10112,2513,1504,186,11,0
1791464300,3.0,10124,2246,1504,186,11,0
1791464305,5.0,10167,2265,1504,186,11,0
1791464310,4.8,10175,2280,1504,186,11,0
1791464315,3.3,10233,2321,1504,186,11,0
1791464320,13.2,10264,2368,1504,186,11,0
1791464325,5.1,10293,2376,1504,186,11,0
1791464330,5.3,10285,2381,1504,186,11,0
1791464335,5.6,10281,2405,1504,186,11,0
1791464340,4.9,10307,2439,1504,186,11,0
1791464345,5.2,10312,2458,1504,186,11,0
1791464350,5.5,10330,2480,1504,186,11,0
1791464355,5.6,10379,2511,1504,186,11,0
1791464360,4.9,10381,2523,1504,186,11,0
1791464365,6.1,10414,2548,1504,186,11,0
1791464370,4.9,10442,2568,1504,186,11,0
1791464375,5.1,10426,2568,1504,186,11,0
1791464380,5.6,10406,2568,1504,186,11,0
1791464385,4.9,10396,2568,1504,186,11,0
1791464390,5.2,10390,2568,1504,186,11,0
1791464395,5.1,10375,2568,1504,186,11,0
1791464400,6.3,10396,2568,1504,186,11,0
1791464405,6.0,10857,2987,1504,187,11,0
1791464410,5.9,10970,3114,1504,187,11,0
1791464415,4.4,11279,3395,1504,187,11,0
1791464420,4.2,11274,3397,1504,187,11,0
1791464425,4.2,11332,3493,1504,187,11,0
1791464430,4.4,11326,3493,1504,187,11,0
1791464435,5.1,11330,3493,1504,187,11,0
1791464440,4.7,11327,3493,1504,187,11,0
1791464445,4.8,11308,3493,1504,187,11,0
1791464450,4.7,11310,3493,1504,187,11,0
1791464455,5.7,11322,3493,1504,187,11,0
1791464460,4.6,11329,3493,1504,187,11,0
1791464465,4.7,11330,3493,1504,187,11,0
1791464471,5.1,11321,3493,1504,187,11,0
1791464476,4.9,11341,3493,1504,187,11,0
1791464481,4.7,11333,3494,1504,187,11,0
1791464486,4.9,11332,3494,1504,187,11,0
1791464491,8.1,11320,3494,1504,187,11,0
1791464496,8.4,11343,3494,1504,187,11,0
1791464501,5.4,11359,3494,1504,187,11,0
1791464506,4.9,11322,3494,1504,187,11,0
1791464511,4.4,11316,3494,1504,187,11,0
1791464516,5.1,11297,3494,1504,187,11,0
1791464521,4.7,11298,3494,1504,187,11,0
1791464526,5.4,11309,3494,1504,187,11,0
1791464531,5.0,11288,3494,1504,187,11,0
1791464536,4.8,11286,3494,1504,187,11,0
1791464541,4.8,11289,3494,1504,187,11,0
1791464546,4.7,11288,3494,1504,187,11,0
1791464551,5.4,11290,3494,1504,187,11,0
1791464556,4.5,11308,3494,1504,187,11,0
1791464561,5.5,11323,3494,1504,187,11,0
1791464566,4.6,11322,3494,1504,187,11,0
1791464571,4.7,11316,3494,1504,187,11,0
1791464576,5.1,11310,3494,1504,187,11,0
1791464581,4.8,11300,3494,1504,187,11,0
1791464586,5.4,11290,3495,1504,187,11,0
1791464591,4.9,11295,3495,1504,187,11,0
1791464596,5.4,11296,3495,1504,187,11,0
1791464601,4.8,11288,3495,1504,187,11,0
1791464606,5.0,11290,3495,1504,187,11,0
1791464611,6.4,11280,3495,1504,187,11,0
1791464616,5.0,11289,3495,1504,187,11,0
1791464621,4.7,11281,3495,1504,187,11,0
1791464626,4.8,11266,3495,1504,187,11,0
1791464631,5.7,11313,3495,1504,187,11,0
1791464636,4.6,11299,3495,1504,187,11,0
1791464641,5.2,11312,3495,1504,187,11,0
1791464646,4.7,11308,3495,1504,187,11,0
1791464651,5.4,11286,3495,1504,187,11,0
1791464656,4.6,11284,3495,1504,187,11,0
1791464661,5.0,11271,3495,1504,187,11,0
1791464666,11.3,11301,3495,1504,187,11,0
1791464671,5.1,11291,3495,1504,187,11,0
1791464676,5.3,11296,3495,1504,187,11,0
1791464681,4.6,11291,3495,1504,187,11,0
1791464686,5.1,11314,3495,1504,187,11,0
1791464691,4.8,11284,3495,1504,187,11,0
1791464696,5.0,11293,3495,1504,187,11,0
1791464701,4.9,11308,3495,1504,187,11,0
1791464706,5.3,11340,3495,1504,187,11,0
1791464711,5.3,11294,3495,1504,187,11,0
1791464716,5.1,11300,3495,1504,187,11,0
1791464721,4.8,11286,3495,1504,187,11,0
1791464726,4.9,11296,3495,1504,187,11,0
1791464731,5.3,11296,3495,1504,187,11,0
1791464736,4.4,11291,3495,1504,187,11,0
1791464741,4.8,11290,3495,1504,187,11,0
1791464746,4.8,11284,3495,1504,187,11,0
1791464751,4.8,11283,3495,1504,187,11,0
1791464756,4.7,11282,3495,1504,187,11,0
1791464761,5.3,11301,3495,1504,187,11,0
1791464766,5.4,11342,3495,1504,187,11,0
1791464771,4.4,11334,3495,1504,187,11,0
1791464776,5.6,11324,3495,1504,187,11,0
1791464781,4.5,11318,3495,1504,187,11,0
1791464786,4.9,11307,3495,1504,187,11,0
