timestamp, memory.used [MiB], memory.total [MiB], utilization.gpu [%]
2026/10/07 17:43:35.501, 0 MiB, 23034 MiB, 0 %
2026/10/07 17:43:37.503, 0 MiB, 23034 MiB, 0 %
2026/10/07 17:43:39.503, 0 MiB, 23034 MiB, 0 %
2026/10/07 17:43:41.504, 0 MiB, 23034 MiB, 0 %
2026/10/07 17:43:43.504, 0 MiB, 23034 MiB, 0 %
2026/10/07 17:43:45.504, 0 MiB, 23034 MiB, 0 %
2026/10/07 17:43:47.505, 0 MiB, 23034 MiB, 0 %
2026/10/07 17:43:49.505, 0 MiB, 23034 MiB, 0 %
2026/10/07 17:43:51.505, 0 MiB, 23034 MiB, 0 %
2026/10/07 17:43:53.505, 0 MiB, 23034 MiB, 0 %
2026/10/07 17:43:55.506, 0 MiB, 23034 MiB, 0 %
2026/10/07 17:43:57.506, 0 MiB, 23034 MiB, 0 %
2026/10/07 17:43:59.506, 0 MiB, 23034 MiB, 0 %
2026/10/07 17:44:01.507, 0 MiB, 23034 MiB, 0 %
2026/10/07 17:44:03.507, 0 MiB, 23034 MiB, 0 %
2026/10/07 17:44:05.507, 3 MiB, 23034 MiB, 0 %
2026/10/07 17:44:07.507, 3 MiB, 23034 MiB, 0 %
2026/10/07 17:44:09.508, 3 MiB, 23034 MiB, 0 %
2026/10/07 17:44:11.508, 3 MiB, 23034 MiB, 0 %
2026/10/07 17:44:13.508, 1354 MiB, 23034 MiB, 0 %
2026/10/07 17:44:15.509, 1354 MiB, 23034 MiB, 0 %
2026/10/07 17:44:17.511, 1764 MiB, 23034 MiB, 87 %
2026/10/07 17:44:19.513, 0 MiB, 23034 MiB, 0 %
2026/10/07 17:44:21.513, 0 MiB, 23034 MiB, 0 %
2026/10/07 17:44:23.513, 0 MiB, 23034 MiB, 0 %
2026/10/07 17:44:25.514, 0 MiB, 23034 MiB, 0 %
2026/10/07 17:44:27.514, 0 MiB, 23034 MiB, 0 %
2026/10/07 17:44:29.514, 236 MiB, 23034 MiB, 0 %
2026/10/07 17:44:31.514, 4584 MiB, 23034 MiB, 0 %
2026/10/07 17:44:33.515, 4584 MiB, 23034 MiB, 0 %
2026/10/07 17:44:35.515, 4584 MiB, 23034 MiB, 0 %
2026/10/07 17:44:37.515, 4584 MiB, 23034 MiB, 0 %
2026/10/07 17:44:39.516, 4584 MiB, 23034 MiB, 0 %
2026/10/07 17:44:41.516, 4584 MiB, 23034 MiB, 0 %
2026/10/07 17:44:43.516, 4584 MiB, 23034 MiB, 0 %
2026/10/07 17:44:45.516, 4584 MiB, 23034 MiB, 0 %
2026/10/07 17:44:47.517, 4584 MiB, 23034 MiB, 0 %
2026/10/07 17:44:49.517, 4584 MiB, 23034 MiB, 0 %
2026/10/07 17:44:51.517, 4584 MiB, 23034 MiB, 0 %
2026/10/07 17:44:53.518, 4584 MiB, 23034 MiB, 0 %
2026/10/07 17:44:55.518, 4584 MiB, 23034 MiB, 0 %
2026/10/07 17:44:57.518, 4584 MiB, 23034 MiB, 0 %
2026/10/07 17:44:59.518, 4584 MiB, 23034 MiB, 0 %
2026/10/07 17:45:01.519, 4584 MiB, 23034 MiB, 0 %
2026/10/07 17:45:03.519, 4584 MiB, 23034 MiB, 0 %
2026/10/07 17:45:05.519, 4584 MiB, 23034 MiB, 0 %
2026/10/07 17:45:07.520, 4584 MiB, 23034 MiB, 0 %
2026/10/07 17:45:09.520, 4584 MiB, 23034 MiB, 0 %
2026/10/07 17:45:11.520, 4584 MiB, 23034 MiB, 0 %
2026/10/07 17:45:13.521, 4584 MiB, 23034 MiB, 0 %
2026/10/07 17:45:15.521, 4584 MiB, 23034 MiB, 0 %
2026/10/07 17:45:17.521, 4586 MiB, 23034 MiB, 0 %
2026/10/07 17:45:19.521, 4586 MiB, 23034 MiB, 0 %
2026/10/07 17:45:21.522, 4586 MiB, 23034 MiB, 0 %
2026/10/07 17:45:23.522, 4586 MiB, 23034 MiB, 0 %
2026/10/07 17:45:25.522, 4586 MiB, 23034 MiB, 0 %
2026/10/07 17:45:27.523, 4586 MiB, 23034 MiB, 0 %
2026/10/07 17:45:29.523, 4586 MiB, 23034 MiB, 0 %
2026/10/07 17:45:31.523, 4586 MiB, 23034 MiB, 0 %
2026/10/07 17:45:33.523, 4586 MiB, 23034 MiB, 0 %
2026/10/07 17:45:35.524, 4586 MiB, 23034 MiB, 0 %
2026/10/07 17:45:37.524, 4588 MiB, 23034 MiB, 0 %
2026/10/07 17:45:39.524, 4588 MiB, 23034 MiB, 0 %
2026/10/07 17:45:41.525, 4728 MiB, 23034 MiB, 22 %
2026/10/07 17:45:43.525, 4900 MiB, 23034 MiB, 98 %
2026/10/07 17:45:45.525, 4900 MiB, 23034 MiB, 99 %
2026/10/07 17:45:47.525, 4900 MiB, 23034 MiB, 98 %
2026/10/07 17:45:49.526, 4900 MiB, 23034 MiB, 98 %
2026/10/07 17:45:51.526, 4900 MiB, 23034 MiB, 98 %
2026/10/07 17:45:53.526, 4900 MiB, 23034 MiB, 98 %
2026/10/07 17:45:55.526, 4900 MiB, 23034 MiB, 98 %
2026/10/07 17:45:57.527, 4900 MiB, 23034 MiB, 98 %
2026/10/07 17:45:59.527, 4900 MiB, 23034 MiB, 98 %
2026/10/07 17:46:01.527, 4900 MiB, 23034 MiB, 98 %
2026/10/07 17:46:03.527, 4900 MiB, 23034 MiB, 99 %
2026/10/07 17:46:05.528, 4900 MiB, 23034 MiB, 99 %
2026/10/07 17:46:07.528, 4900 MiB, 23034 MiB, 99 %
2026/10/07 17:46:09.528, 4900 MiB, 23034 MiB, 99 %
2026/10/07 17:46:11.529, 4900 MiB, 23034 MiB, 99 %
2026/10/07 17:46:13.529, 4900 MiB, 23034 MiB, 98 %
2026/10/07 17:46:15.529, 4900 MiB, 23034 MiB, 99 %
2026/10/07 17:46:17.529, 4614 MiB, 23034 MiB, 0 %
2026/10/07 17:46:19.530, 11512 MiB, 23034 MiB, 59 %
2026/10/07 17:46:21.530, 11636 MiB, 23034 MiB, 41 %
2026/10/07 17:46:23.530, 11844 MiB, 23034 MiB, 33 %
2026/10/07 17:46:25.530, 13346 MiB, 23034 MiB, 0 %
2026/10/07 17:46:27.531, 13346 MiB, 23034 MiB, 0 %
2026/10/07 17:46:29.531, 13346 MiB, 23034 MiB, 0 %
2026/10/07 17:46:31.531, 13346 MiB, 23034 MiB, 0 %
2026/10/07 17:46:33.531, 14698 MiB, 23034 MiB, 0 %
2026/10/07 17:46:35.532, 14698 MiB, 23034 MiB, 0 %
2026/10/07 17:46:37.532, 14698 MiB, 23034 MiB, 0 %
2026/10/07 17:46:39.532, 14698 MiB, 23034 MiB, 0 %
2026/10/07 17:46:41.533, 14698 MiB, 23034 MiB, 0 %
2026/10/07 17:46:43.534, 14698 MiB, 23034 MiB, 0 %
2026/10/07 17:46:45.534, 15766 MiB, 23034 MiB, 0 %
2026/10/07 17:46:47.535, 15766 MiB, 23034 MiB, 0 %
2026/10/07 17:46:49.535, 15968 MiB, 23034 MiB, 96 %
2026/10/07 17:46:51.535, 15968 MiB, 23034 MiB, 47 %
2026/10/07 17:46:53.535, 15968 MiB, 23034 MiB, 37 %
2026/10/07 17:46:55.536, 15968 MiB, 23034 MiB, 87 %
2026/10/07 17:46:57.536, 15968 MiB, 23034 MiB, 41 %
2026/10/07 17:46:59.536, 15968 MiB, 23034 MiB, 96 %
2026/10/07 17:47:01.536, 15970 MiB, 23034 MiB, 97 %
2026/10/07 17:47:03.537, 15970 MiB, 23034 MiB, 97 %
2026/10/07 17:47:05.537, 15970 MiB, 23034 MiB, 97 %
2026/10/07 17:47:07.537, 15970 MiB, 23034 MiB, 97 %
2026/10/07 17:47:09.538, 15970 MiB, 23034 MiB, 45 %
2026/10/07 17:47:11.538, 15970 MiB, 23034 MiB, 62 %
2026/10/07 17:47:13.538, 15970 MiB, 23034 MiB, 97 %
2026/10/07 17:47:15.538, 15970 MiB, 23034 MiB, 97 %
2026/10/07 17:47:17.539, 15970 MiB, 23034 MiB, 97 %
2026/10/07 17:47:19.539, 15970 MiB, 23034 MiB, 97 %
2026/10/07 17:47:21.539, 15970 MiB, 23034 MiB, 97 %
2026/10/07 17:47:23.539, 15970 MiB, 23034 MiB, 97 %
2026/10/07 17:47:25.540, 15970 MiB, 23034 MiB, 96 %
2026/10/07 17:47:27.540, 15970 MiB, 23034 MiB, 97 %
2026/10/07 17:47:29.540, 15970 MiB, 23034 MiB, 97 %
2026/10/07 17:47:31.541, 15970 MiB, 23034 MiB, 96 %
2026/10/07 17:47:33.541, 15970 MiB, 23034 MiB, 97 %
2026/10/07 17:47:35.541, 15970 MiB, 23034 MiB, 51 %
2026/10/07 17:47:37.541, 15970 MiB, 23034 MiB, 82 %
2026/10/07 17:47:39.542, 15970 MiB, 23034 MiB, 97 %
2026/10/07 17:47:41.542, 15970 MiB, 23034 MiB, 97 %
2026/10/07 17:47:43.542, 15970 MiB, 23034 MiB, 74 %
2026/10/07 17:47:45.542, 15970 MiB, 23034 MiB, 87 %
2026/10/07 17:47:47.543, 15970 MiB, 23034 MiB, 96 %
2026/10/07 17:47:49.543, 15970 MiB, 23034 MiB, 96 %
2026/10/07 17:47:51.543, 15970 MiB, 23034 MiB, 96 %
2026/10/07 17:47:53.543, 15970 MiB, 23034 MiB, 97 %
2026/10/07 17:47:55.544, 15970 MiB, 23034 MiB, 97 %
2026/10/07 17:47:57.544, 15970 MiB, 23034 MiB, 50 %
2026/10/07 17:47:59.544, 15970 MiB, 23034 MiB, 97 %
2026/10/07 17:48:01.544, 15970 MiB, 23034 MiB, 97 %
2026/10/07 17:48:03.545, 15970 MiB, 23034 MiB, 97 %
2026/10/07 17:48:05.545, 15970 MiB, 23034 MiB, 97 %
2026/10/07 17:48:07.545, 15970 MiB, 23034 MiB, 90 %
2026/10/07 17:48:09.545, 15970 MiB, 23034 MiB, 96 %
2026/10/07 17:48:11.546, 15970 MiB, 23034 MiB, 55 %
2026/10/07 17:48:13.546, 15970 MiB, 23034 MiB, 97 %
2026/10/07 17:48:15.546, 15970 MiB, 23034 MiB, 97 %
2026/10/07 17:48:17.547, 15970 MiB, 23034 MiB, 97 %
2026/10/07 17:48:19.547, 15970 MiB, 23034 MiB, 97 %
2026/10/07 17:48:21.547, 15970 MiB, 23034 MiB, 64 %
2026/10/07 17:48:23.547, 15970 MiB, 23034 MiB, 97 %
2026/10/07 17:48:25.548, 15970 MiB, 23034 MiB, 91 %
2026/10/07 17:48:27.548, 15970 MiB, 23034 MiB, 97 %
2026/10/07 17:48:29.548, 15970 MiB, 23034 MiB, 96 %
2026/10/07 17:48:31.548, 15970 MiB, 23034 MiB, 97 %
2026/10/07 17:48:33.549, 15970 MiB, 23034 MiB, 97 %
2026/10/07 17:48:35.549, 15970 MiB, 23034 MiB, 97 %
2026/10/07 17:48:37.549, 15970 MiB, 23034 MiB, 66 %
2026/10/07 17:48:39.549, 15970 MiB, 23034 MiB, 97 %
2026/10/07 17:48:41.550, 15970 MiB, 23034 MiB, 97 %
2026/10/07 17:48:43.550, 15970 MiB, 23034 MiB, 97 %
2026/10/07 17:48:45.550, 15970 MiB, 23034 MiB, 90 %
2026/10/07 17:48:47.550, 15970 MiB, 23034 MiB, 65 %
2026/10/07 17:48:49.551, 15970 MiB, 23034 MiB, 96 %
2026/10/07 17:48:51.551, 15970 MiB, 23034 MiB, 92 %
2026/10/07 17:48:53.551, 15970 MiB, 23034 MiB, 97 %
2026/10/07 17:48:55.552, 15970 MiB, 23034 MiB, 96 %
2026/10/07 17:48:57.552, 15970 MiB, 23034 MiB, 97 %
2026/10/07 17:48:59.552, 15970 MiB, 23034 MiB, 96 %
2026/10/07 17:49:01.552, 15970 MiB, 23034 MiB, 96 %
2026/10/07 17:49:03.553, 15970 MiB, 23034 MiB, 97 %
2026/10/07 17:49:05.553, 15970 MiB, 23034 MiB, 97 %
2026/10/07 17:49:07.553, 15970 MiB, 23034 MiB, 96 %
2026/10/07 17:49:09.553, 15970 MiB, 23034 MiB, 97 %
2026/10/07 17:49:11.554, 15970 MiB, 23034 MiB, 97 %
2026/10/07 17:49:13.554, 15970 MiB, 23034 MiB, 97 %
2026/10/07 17:49:15.554, 15970 MiB, 23034 MiB, 97 %
2026/10/07 17:49:17.554, 15970 MiB, 23034 MiB, 96 %
2026/10/07 17:49:19.555, 15970 MiB, 23034 MiB, 97 %
2026/10/07 17:49:21.555, 15970 MiB, 23034 MiB, 97 %
2026/10/07 17:49:23.555, 15970 MiB, 23034 MiB, 49 %
2026/10/07 17:49:25.556, 15970 MiB, 23034 MiB, 97 %
2026/10/07 17:49:27.556, 15970 MiB, 23034 MiB, 96 %
2026/10/07 17:49:29.556, 15970 MiB, 23034 MiB, 97 %
2026/10/07 17:49:31.556, 15970 MiB, 23034 MiB, 97 %
2026/10/07 17:49:33.557, 15970 MiB, 23034 MiB, 97 %
2026/10/07 17:49:35.557, 15970 MiB, 23034 MiB, 60 %
2026/10/07 17:49:37.557, 15970 MiB, 23034 MiB, 95 %
2026/10/07 17:49:39.557, 15970 MiB, 23034 MiB, 97 %
2026/10/07 17:49:41.558, 15970 MiB, 23034 MiB, 97 %
2026/10/07 17:49:43.558, 15970 MiB, 23034 MiB, 96 %
2026/10/07 17:49:45.558, 15970 MiB, 23034 MiB, 97 %
2026/10/07 17:49:47.559, 15970 MiB, 23034 MiB, 47 %
2026/10/07 17:49:49.559, 15970 MiB, 23034 MiB, 96 %
2026/10/07 17:49:51.559, 15970 MiB, 23034 MiB, 97 %
2026/10/07 17:49:53.559, 15970 MiB, 23034 MiB, 55 %
2026/10/07 17:49:55.560, 15970 MiB, 23034 MiB, 98 %
2026/10/07 17:49:57.560, 15970 MiB, 23034 MiB, 95 %
2026/10/07 17:49:59.560, 15970 MiB, 23034 MiB, 69 %
2026/10/07 17:50:01.560, 15970 MiB, 23034 MiB, 97 %
2026/10/07 17:50:03.561, 15970 MiB, 23034 MiB, 88 %
2026/10/07 17:50:05.561, 15970 MiB, 23034 MiB, 97 %
2026/10/07 17:50:07.561, 15970 MiB, 23034 MiB, 97 %
2026/10/07 17:50:09.561, 15970 MiB, 23034 MiB, 96 %
2026/10/07 17:50:11.562, 15970 MiB, 23034 MiB, 97 %
2026/10/07 17:50:13.562, 15970 MiB, 23034 MiB, 97 %
2026/10/07 17:50:15.562, 15970 MiB, 23034 MiB, 97 %
2026/10/07 17:50:17.562, 15970 MiB, 23034 MiB, 97 %
2026/10/07 17:50:19.563, 15970 MiB, 23034 MiB, 97 %
2026/10/07 17:50:21.563, 15970 MiB, 23034 MiB, 97 %
2026/10/07 17:50:23.563, 15970 MiB, 23034 MiB, 57 %
2026/10/07 17:50:25.564, 15970 MiB, 23034 MiB, 87 %
2026/10/07 17:50:27.564, 15970 MiB, 23034 MiB, 97 %
2026/10/07 17:50:29.564, 15970 MiB, 23034 MiB, 87 %
2026/10/07 17:50:31.564, 15970 MiB, 23034 MiB, 94 %
2026/10/07 17:50:33.565, 15970 MiB, 23034 MiB, 97 %
2026/10/07 17:50:35.565, 15970 MiB, 23034 MiB, 97 %
2026/10/07 17:50:37.565, 15970 MiB, 23034 MiB, 97 %
2026/10/07 17:50:39.565, 15970 MiB, 23034 MiB, 97 %
2026/10/07 17:50:41.566, 15970 MiB, 23034 MiB, 97 %
2026/10/07 17:50:43.566, 15970 MiB, 23034 MiB, 77 %
2026/10/07 17:50:45.566, 15970 MiB, 23034 MiB, 80 %
2026/10/07 17:50:47.566, 15970 MiB, 23034 MiB, 96 %
2026/10/07 17:50:49.567, 15970 MiB, 23034 MiB, 97 %
2026/10/07 17:50:51.567, 15970 MiB, 23034 MiB, 56 %
2026/10/07 17:50:53.567, 15970 MiB, 23034 MiB, 97 %
2026/10/07 17:50:55.567, 15970 MiB, 23034 MiB, 58 %
2026/10/07 17:50:57.568, 15970 MiB, 23034 MiB, 97 %
2026/10/07 17:50:59.568, 15970 MiB, 23034 MiB, 97 %
2026/10/07 17:51:01.568, 15970 MiB, 23034 MiB, 97 %
2026/10/07 17:51:03.568, 15970 MiB, 23034 MiB, 38 %
2026/10/07 17:51:05.569, 15970 MiB, 23034 MiB, 97 %
2026/10/07 17:51:07.569, 15970 MiB, 23034 MiB, 96 %
2026/10/07 17:51:09.569, 15970 MiB, 23034 MiB, 97 %
2026/10/07 17:51:11.569, 15970 MiB, 23034 MiB, 97 %
2026/10/07 17:51:13.570, 15970 MiB, 23034 MiB, 97 %
2026/10/07 17:51:15.570, 15970 MiB, 23034 MiB, 97 %
2026/10/07 17:51:17.570, 15970 MiB, 23034 MiB, 96 %
2026/10/07 17:51:19.570, 15970 MiB, 23034 MiB, 74 %
2026/10/07 17:51:21.571, 15970 MiB, 23034 MiB, 97 %
2026/10/07 17:51:23.571, 15970 MiB, 23034 MiB, 91 %
2026/10/07 17:51:25.571, 15970 MiB, 23034 MiB, 96 %
2026/10/07 17:51:27.571, 15970 MiB, 23034 MiB, 96 %
2026/10/07 17:51:29.572, 15970 MiB, 23034 MiB, 51 %
2026/10/07 17:51:31.572, 15970 MiB, 23034 MiB, 97 %
2026/10/07 17:51:33.572, 15970 MiB, 23034 MiB, 86 %
2026/10/07 17:51:35.573, 15970 MiB, 23034 MiB, 97 %
2026/10/07 17:51:37.573, 15970 MiB, 23034 MiB, 97 %
2026/10/07 17:51:39.573, 15970 MiB, 23034 MiB, 96 %
2026/10/07 17:51:41.573, 15970 MiB, 23034 MiB, 97 %
2026/10/07 17:51:43.574, 15970 MiB, 23034 MiB, 97 %
2026/10/07 17:51:45.574, 15970 MiB, 23034 MiB, 71 %
2026/10/07 17:51:47.574, 15970 MiB, 23034 MiB, 93 %
2026/10/07 17:51:49.574, 15970 MiB, 23034 MiB, 97 %
2026/10/07 17:51:51.575, 15970 MiB, 23034 MiB, 96 %
2026/10/07 17:51:53.575, 15970 MiB, 23034 MiB, 97 %
2026/10/07 17:51:55.575, 15970 MiB, 23034 MiB, 97 %
2026/10/07 17:51:57.576, 15970 MiB, 23034 MiB, 95 %
2026/10/07 17:51:59.576, 15970 MiB, 23034 MiB, 97 %
2026/10/07 17:52:01.576, 15970 MiB, 23034 MiB, 90 %
2026/10/07 17:52:03.576, 15970 MiB, 23034 MiB, 91 %
2026/10/07 17:52:05.577, 15970 MiB, 23034 MiB, 97 %
2026/10/07 17:52:07.577, 15970 MiB, 23034 MiB, 95 %
2026/10/07 17:52:09.577, 15970 MiB, 23034 MiB, 97 %
2026/10/07 17:52:11.577, 15970 MiB, 23034 MiB, 97 %
2026/10/07 17:52:13.578, 15970 MiB, 23034 MiB, 83 %
2026/10/07 17:52:15.578, 15970 MiB, 23034 MiB, 97 %
2026/10/07 17:52:17.578, 15970 MiB, 23034 MiB, 97 %
2026/10/07 17:52:19.578, 15970 MiB, 23034 MiB, 78 %
2026/10/07 17:52:21.579, 15970 MiB, 23034 MiB, 92 %
2026/10/07 17:52:23.579, 15970 MiB, 23034 MiB, 97 %
2026/10/07 17:52:25.579, 15970 MiB, 23034 MiB, 97 %
2026/10/07 17:52:27.579, 15970 MiB, 23034 MiB, 52 %
2026/10/07 17:52:29.580, 15970 MiB, 23034 MiB, 97 %
2026/10/07 17:52:31.580, 15970 MiB, 23034 MiB, 97 %
2026/10/07 17:52:33.580, 15970 MiB, 23034 MiB, 97 %
2026/10/07 17:52:35.580, 15970 MiB, 23034 MiB, 97 %
2026/10/07 17:52:37.581, 15970 MiB, 23034 MiB, 97 %
2026/10/07 17:52:39.581, 15970 MiB, 23034 MiB, 97 %
2026/10/07 17:52:41.582, 15970 MiB, 23034 MiB, 97 %
2026/10/07 17:52:43.582, 15970 MiB, 23034 MiB, 97 %
2026/10/07 17:52:45.582, 15970 MiB, 23034 MiB, 53 %
2026/10/07 17:52:47.583, 15970 MiB, 23034 MiB, 54 %
2026/10/07 17:52:49.583, 15970 MiB, 23034 MiB, 97 %
2026/10/07 17:52:51.583, 15970 MiB, 23034 MiB, 59 %
2026/10/07 17:52:53.583, 15970 MiB, 23034 MiB, 97 %
2026/10/07 17:52:55.584, 15970 MiB, 23034 MiB, 67 %
2026/10/07 17:52:57.584, 15970 MiB, 23034 MiB, 97 %
2026/10/07 17:52:59.584, 15970 MiB, 23034 MiB, 97 %
2026/10/07 17:53:01.585, 15970 MiB, 23034 MiB, 97 %
2026/10/07 17:53:03.585, 15970 MiB, 23034 MiB, 97 %
2026/10/07 17:53:05.585, 15970 MiB, 23034 MiB, 97 %
2026/10/07 17:53:07.585, 15970 MiB, 23034 MiB, 97 %
2026/10/07 17:53:09.586, 15970 MiB, 23034 MiB, 97 %
2026/10/07 17:53:11.586, 15970 MiB, 23034 MiB, 97 %
2026/10/07 17:53:13.586, 15970 MiB, 23034 MiB, 97 %
2026/10/07 17:53:15.586, 15970 MiB, 23034 MiB, 97 %
2026/10/07 17:53:17.587, 15970 MiB, 23034 MiB, 97 %
2026/10/07 17:53:19.587, 15970 MiB, 23034 MiB, 97 %
2026/10/07 17:53:21.587, 15970 MiB, 23034 MiB, 68 %
2026/10/07 17:53:23.588, 15970 MiB, 23034 MiB, 97 %
2026/10/07 17:53:25.588, 15970 MiB, 23034 MiB, 85 %
2026/10/07 17:53:27.588, 15970 MiB, 23034 MiB, 97 %
2026/10/07 17:53:29.588, 15970 MiB, 23034 MiB, 96 %
2026/10/07 17:53:31.589, 15970 MiB, 23034 MiB, 81 %
2026/10/07 17:53:33.589, 15970 MiB, 23034 MiB, 97 %
2026/10/07 17:53:35.589, 15970 MiB, 23034 MiB, 96 %
2026/10/07 17:53:37.590, 15970 MiB, 23034 MiB, 97 %
2026/10/07 17:53:39.590, 15970 MiB, 23034 MiB, 96 %
2026/10/07 17:53:41.590, 15970 MiB, 23034 MiB, 70 %
2026/10/07 17:53:43.591, 15970 MiB, 23034 MiB, 97 %
2026/10/07 17:53:45.591, 15970 MiB, 23034 MiB, 53 %
2026/10/07 17:53:47.591, 15970 MiB, 23034 MiB, 97 %
2026/10/07 17:53:49.592, 15970 MiB, 23034 MiB, 97 %
2026/10/07 17:53:51.592, 15970 MiB, 23034 MiB, 97 %
2026/10/07 17:53:53.592, 15970 MiB, 23034 MiB, 97 %
2026/10/07 17:53:55.592, 15970 MiB, 23034 MiB, 97 %
2026/10/07 17:53:57.593, 15970 MiB, 23034 MiB, 89 %
2026/10/07 17:53:59.593, 15970 MiB, 23034 MiB, 97 %
2026/10/07 17:54:01.593, 15970 MiB, 23034 MiB, 86 %
2026/10/07 17:54:03.594, 15970 MiB, 23034 MiB, 95 %
2026/10/07 17:54:05.594, 15970 MiB, 23034 MiB, 97 %
2026/10/07 17:54:07.594, 15970 MiB, 23034 MiB, 96 %
2026/10/07 17:54:09.594, 15970 MiB, 23034 MiB, 89 %
2026/10/07 17:54:11.595, 15970 MiB, 23034 MiB, 65 %
2026/10/07 17:54:13.595, 15970 MiB, 23034 MiB, 97 %
2026/10/07 17:54:15.595, 15970 MiB, 23034 MiB, 90 %
2026/10/07 17:54:17.596, 15970 MiB, 23034 MiB, 55 %
2026/10/07 17:54:19.596, 15970 MiB, 23034 MiB, 97 %
2026/10/07 17:54:21.596, 15970 MiB, 23034 MiB, 97 %
2026/10/07 17:54:23.596, 15970 MiB, 23034 MiB, 97 %
2026/10/07 17:54:25.597, 15970 MiB, 23034 MiB, 97 %
2026/10/07 17:54:27.597, 15970 MiB, 23034 MiB, 95 %
2026/10/07 17:54:29.597, 15970 MiB, 23034 MiB, 96 %
2026/10/07 17:54:31.598, 15970 MiB, 23034 MiB, 53 %
2026/10/07 17:54:33.598, 15970 MiB, 23034 MiB, 49 %
2026/10/07 17:54:35.598, 15970 MiB, 23034 MiB, 91 %
2026/10/07 17:54:37.598, 15970 MiB, 23034 MiB, 95 %
2026/10/07 17:54:39.599, 15970 MiB, 23034 MiB, 97 %
2026/10/07 17:54:41.599, 15970 MiB, 23034 MiB, 56 %
2026/10/07 17:54:43.599, 15970 MiB, 23034 MiB, 97 %
2026/10/07 17:54:45.599, 15970 MiB, 23034 MiB, 44 %
2026/10/07 17:54:47.600, 15970 MiB, 23034 MiB, 87 %
2026/10/07 17:54:49.600, 15970 MiB, 23034 MiB, 89 %
2026/10/07 17:54:51.600, 15970 MiB, 23034 MiB, 97 %
2026/10/07 17:54:53.600, 15970 MiB, 23034 MiB, 96 %
2026/10/07 17:54:55.601, 15970 MiB, 23034 MiB, 97 %
2026/10/07 17:54:57.601, 15970 MiB, 23034 MiB, 97 %
2026/10/07 17:54:59.601, 15970 MiB, 23034 MiB, 56 %
2026/10/07 17:55:01.602, 15970 MiB, 23034 MiB, 97 %
2026/10/07 17:55:03.602, 15970 MiB, 23034 MiB, 97 %
2026/10/07 17:55:05.602, 15970 MiB, 23034 MiB, 97 %
2026/10/07 17:55:07.602, 15970 MiB, 23034 MiB, 92 %
2026/10/07 17:55:09.603, 15970 MiB, 23034 MiB, 97 %
2026/10/07 17:55:11.603, 15970 MiB, 23034 MiB, 97 %
2026/10/07 17:55:13.603, 15970 MiB, 23034 MiB, 97 %
2026/10/07 17:55:15.603, 15970 MiB, 23034 MiB, 59 %
2026/10/07 17:55:17.604, 15970 MiB, 23034 MiB, 96 %
2026/10/07 17:55:19.604, 15970 MiB, 23034 MiB, 97 %
2026/10/07 17:55:21.604, 15970 MiB, 23034 MiB, 97 %
2026/10/07 17:55:23.605, 15970 MiB, 23034 MiB, 97 %
2026/10/07 17:55:25.605, 15970 MiB, 23034 MiB, 57 %
2026/10/07 17:55:27.605, 15970 MiB, 23034 MiB, 97 %
2026/10/07 17:55:29.605, 15970 MiB, 23034 MiB, 86 %
2026/10/07 17:55:31.606, 15970 MiB, 23034 MiB, 97 %
2026/10/07 17:55:33.606, 15970 MiB, 23034 MiB, 75 %
2026/10/07 17:55:35.606, 15970 MiB, 23034 MiB, 97 %
2026/10/07 17:55:37.607, 15970 MiB, 23034 MiB, 72 %
2026/10/07 17:55:39.607, 15970 MiB, 23034 MiB, 96 %
2026/10/07 17:55:41.607, 15970 MiB, 23034 MiB, 97 %
2026/10/07 17:55:43.607, 15970 MiB, 23034 MiB, 97 %
2026/10/07 17:55:45.608, 15970 MiB, 23034 MiB, 85 %
2026/10/07 17:55:47.608, 15970 MiB, 23034 MiB, 88 %
2026/10/07 17:55:49.608, 15970 MiB, 23034 MiB, 97 %
2026/10/07 17:55:51.609, 15970 MiB, 23034 MiB, 97 %
2026/10/07 17:55:53.609, 15970 MiB, 23034 MiB, 97 %
2026/10/07 17:55:55.609, 15970 MiB, 23034 MiB, 97 %
2026/10/07 17:55:57.609, 15970 MiB, 23034 MiB, 95 %
2026/10/07 17:55:59.610, 15970 MiB, 23034 MiB, 96 %
2026/10/07 17:56:01.610, 15970 MiB, 23034 MiB, 97 %
2026/10/07 17:56:03.610, 15970 MiB, 23034 MiB, 96 %
2026/10/07 17:56:05.611, 15970 MiB, 23034 MiB, 97 %
2026/10/07 17:56:07.611, 15970 MiB, 23034 MiB, 50 %
2026/10/07 17:56:09.611, 15970 MiB, 23034 MiB, 97 %
2026/10/07 17:56:11.611, 15970 MiB, 23034 MiB, 97 %
2026/10/07 17:56:13.612, 15970 MiB, 23034 MiB, 67 %
2026/10/07 17:56:15.612, 15970 MiB, 23034 MiB, 84 %
2026/10/07 17:56:17.612, 15970 MiB, 23034 MiB, 95 %
2026/10/07 17:56:19.612, 15970 MiB, 23034 MiB, 97 %
2026/10/07 17:56:21.613, 15970 MiB, 23034 MiB, 96 %
2026/10/07 17:56:23.613, 15970 MiB, 23034 MiB, 96 %
2026/10/07 17:56:25.613, 15970 MiB, 23034 MiB, 97 %
2026/10/07 17:56:27.613, 15970 MiB, 23034 MiB, 95 %
2026/10/07 17:56:29.614, 15970 MiB, 23034 MiB, 96 %
2026/10/07 17:56:31.614, 16034 MiB, 23034 MiB, 97 %
2026/10/07 17:56:33.614, 16034 MiB, 23034 MiB, 97 %
2026/10/07 17:56:35.614, 16034 MiB, 23034 MiB, 97 %
2026/10/07 17:56:37.615, 16034 MiB, 23034 MiB, 97 %
2026/10/07 17:56:39.615, 16034 MiB, 23034 MiB, 97 %
2026/10/07 17:56:41.615, 16034 MiB, 23034 MiB, 90 %
2026/10/07 17:56:43.615, 16034 MiB, 23034 MiB, 97 %
2026/10/07 17:56:45.616, 16034 MiB, 23034 MiB, 52 %
2026/10/07 17:56:47.616, 16034 MiB, 23034 MiB, 96 %
2026/10/07 17:56:49.619, 16034 MiB, 23034 MiB, 97 %
2026/10/07 17:56:51.620, 16034 MiB, 23034 MiB, 97 %
2026/10/07 17:56:53.620, 16034 MiB, 23034 MiB, 96 %
2026/10/07 17:56:55.620, 16034 MiB, 23034 MiB, 96 %
2026/10/07 17:56:57.620, 16034 MiB, 23034 MiB, 96 %
2026/10/07 17:56:59.621, 16034 MiB, 23034 MiB, 96 %
2026/10/07 17:57:01.621, 16034 MiB, 23034 MiB, 97 %
2026/10/07 17:57:03.621, 16034 MiB, 23034 MiB, 97 %
2026/10/07 17:57:05.621, 16034 MiB, 23034 MiB, 97 %
2026/10/07 17:57:07.622, 16034 MiB, 23034 MiB, 96 %
2026/10/07 17:57:09.622, 16034 MiB, 23034 MiB, 97 %
2026/10/07 17:57:11.622, 16034 MiB, 23034 MiB, 96 %
2026/10/07 17:57:13.623, 16034 MiB, 23034 MiB, 53 %
2026/10/07 17:57:15.623, 16034 MiB, 23034 MiB, 97 %
2026/10/07 17:57:17.623, 16034 MiB, 23034 MiB, 97 %
2026/10/07 17:57:19.623, 16034 MiB, 23034 MiB, 97 %
2026/10/07 17:57:21.624, 16034 MiB, 23034 MiB, 97 %
2026/10/07 17:57:23.624, 16034 MiB, 23034 MiB, 97 %
2026/10/07 17:57:25.624, 16034 MiB, 23034 MiB, 96 %
2026/10/07 17:57:27.624, 16034 MiB, 23034 MiB, 96 %
2026/10/07 17:57:29.625, 16034 MiB, 23034 MiB, 97 %
2026/10/07 17:57:31.625, 16034 MiB, 23034 MiB, 97 %
2026/10/07 17:57:33.625, 16034 MiB, 23034 MiB, 90 %
2026/10/07 17:57:35.626, 16034 MiB, 23034 MiB, 66 %
2026/10/07 17:57:37.626, 16034 MiB, 23034 MiB, 63 %
2026/10/07 17:57:39.626, 16034 MiB, 23034 MiB, 96 %
2026/10/07 17:57:41.626, 16034 MiB, 23034 MiB, 97 %
2026/10/07 17:57:43.627, 16034 MiB, 23034 MiB, 97 %
2026/10/07 17:57:45.627, 16034 MiB, 23034 MiB, 55 %
2026/10/07 17:57:47.627, 16034 MiB, 23034 MiB, 97 %
2026/10/07 17:57:49.627, 16034 MiB, 23034 MiB, 96 %
2026/10/07 17:57:51.628, 16034 MiB, 23034 MiB, 97 %
2026/10/07 17:57:53.628, 16034 MiB, 23034 MiB, 54 %
2026/10/07 17:57:55.628, 16034 MiB, 23034 MiB, 97 %
2026/10/07 17:57:57.629, 16034 MiB, 23034 MiB, 97 %
2026/10/07 17:57:59.629, 16034 MiB, 23034 MiB, 97 %
2026/10/07 17:58:01.629, 16034 MiB, 23034 MiB, 97 %
2026/10/07 17:58:03.629, 16034 MiB, 23034 MiB, 97 %
2026/10/07 17:58:05.630, 16034 MiB, 23034 MiB, 97 %
2026/10/07 17:58:07.630, 16034 MiB, 23034 MiB, 95 %
2026/10/07 17:58:09.630, 16034 MiB, 23034 MiB, 97 %
2026/10/07 17:58:11.631, 16034 MiB, 23034 MiB, 51 %
2026/10/07 17:58:13.631, 16034 MiB, 23034 MiB, 97 %
2026/10/07 17:58:15.631, 16034 MiB, 23034 MiB, 97 %
2026/10/07 17:58:17.632, 16034 MiB, 23034 MiB, 95 %
2026/10/07 17:58:19.632, 16034 MiB, 23034 MiB, 97 %
2026/10/07 17:58:21.632, 16034 MiB, 23034 MiB, 76 %
2026/10/07 17:58:23.632, 16034 MiB, 23034 MiB, 97 %
2026/10/07 17:58:25.633, 16034 MiB, 23034 MiB, 97 %
2026/10/07 17:58:27.633, 16034 MiB, 23034 MiB, 95 %
2026/10/07 17:58:29.633, 16034 MiB, 23034 MiB, 97 %
2026/10/07 17:58:31.634, 16034 MiB, 23034 MiB, 97 %
2026/10/07 17:58:33.634, 16034 MiB, 23034 MiB, 97 %
2026/10/07 17:58:35.634, 16034 MiB, 23034 MiB, 97 %
2026/10/07 17:58:37.634, 16034 MiB, 23034 MiB, 88 %
2026/10/07 17:58:39.635, 16034 MiB, 23034 MiB, 97 %
2026/10/07 17:58:41.635, 16034 MiB, 23034 MiB, 97 %
2026/10/07 17:58:43.635, 16034 MiB, 23034 MiB, 97 %
2026/10/07 17:58:45.636, 16034 MiB, 23034 MiB, 96 %
2026/10/07 17:58:47.636, 16034 MiB, 23034 MiB, 95 %
2026/10/07 17:58:49.636, 16034 MiB, 23034 MiB, 97 %
2026/10/07 17:58:51.636, 16034 MiB, 23034 MiB, 97 %
2026/10/07 17:58:53.637, 16034 MiB, 23034 MiB, 97 %
2026/10/07 17:58:55.637, 16034 MiB, 23034 MiB, 71 %
2026/10/07 17:58:57.637, 16034 MiB, 23034 MiB, 95 %
2026/10/07 17:58:59.637, 16034 MiB, 23034 MiB, 91 %
2026/10/07 17:59:01.638, 16034 MiB, 23034 MiB, 97 %
2026/10/07 17:59:03.638, 16034 MiB, 23034 MiB, 97 %
2026/10/07 17:59:05.638, 16034 MiB, 23034 MiB, 97 %
2026/10/07 17:59:07.639, 16034 MiB, 23034 MiB, 48 %
2026/10/07 17:59:09.639, 16034 MiB, 23034 MiB, 97 %
2026/10/07 17:59:11.639, 16034 MiB, 23034 MiB, 97 %
2026/10/07 17:59:13.639, 16034 MiB, 23034 MiB, 97 %
2026/10/07 17:59:15.640, 16034 MiB, 23034 MiB, 53 %
2026/10/07 17:59:17.640, 16034 MiB, 23034 MiB, 95 %
2026/10/07 17:59:19.640, 16034 MiB, 23034 MiB, 61 %
2026/10/07 17:59:21.641, 16034 MiB, 23034 MiB, 97 %
2026/10/07 17:59:23.641, 16034 MiB, 23034 MiB, 97 %
2026/10/07 17:59:25.641, 16034 MiB, 23034 MiB, 90 %
2026/10/07 17:59:27.641, 16036 MiB, 23034 MiB, 59 %
2026/10/07 17:59:29.642, 16036 MiB, 23034 MiB, 97 %
2026/10/07 17:59:31.642, 16036 MiB, 23034 MiB, 97 %
2026/10/07 17:59:33.642, 16036 MiB, 23034 MiB, 97 %
2026/10/07 17:59:35.643, 16036 MiB, 23034 MiB, 97 %
2026/10/07 17:59:37.643, 16036 MiB, 23034 MiB, 96 %
2026/10/07 17:59:39.643, 16036 MiB, 23034 MiB, 97 %
2026/10/07 17:59:41.643, 16036 MiB, 23034 MiB, 97 %
2026/10/07 17:59:43.644, 16036 MiB, 23034 MiB, 97 %
2026/10/07 17:59:45.644, 16036 MiB, 23034 MiB, 90 %
2026/10/07 17:59:47.644, 16036 MiB, 23034 MiB, 96 %
2026/10/07 17:59:49.644, 16036 MiB, 23034 MiB, 96 %
2026/10/07 17:59:51.645, 16036 MiB, 23034 MiB, 97 %
2026/10/07 17:59:53.645, 16036 MiB, 23034 MiB, 97 %
2026/10/07 17:59:55.645, 16036 MiB, 23034 MiB, 97 %
2026/10/07 17:59:57.646, 16036 MiB, 23034 MiB, 96 %
2026/10/07 17:59:59.646, 16036 MiB, 23034 MiB, 55 %
2026/10/07 18:00:01.646, 16036 MiB, 23034 MiB, 66 %
2026/10/07 18:00:03.646, 16036 MiB, 23034 MiB, 97 %
2026/10/07 18:00:05.647, 16036 MiB, 23034 MiB, 97 %
2026/10/07 18:00:07.647, 16036 MiB, 23034 MiB, 96 %
2026/10/07 18:00:09.647, 16036 MiB, 23034 MiB, 97 %
2026/10/07 18:00:11.648, 16036 MiB, 23034 MiB, 76 %
2026/10/07 18:00:13.648, 16036 MiB, 23034 MiB, 92 %
2026/10/07 18:00:15.648, 16036 MiB, 23034 MiB, 97 %
2026/10/07 18:00:17.648, 16036 MiB, 23034 MiB, 77 %
2026/10/07 18:00:19.649, 16036 MiB, 23034 MiB, 90 %
2026/10/07 18:00:21.649, 16036 MiB, 23034 MiB, 96 %
2026/10/07 18:00:23.649, 16036 MiB, 23034 MiB, 97 %
2026/10/07 18:00:25.650, 16036 MiB, 23034 MiB, 97 %
2026/10/07 18:00:27.650, 16036 MiB, 23034 MiB, 96 %
2026/10/07 18:00:29.650, 16036 MiB, 23034 MiB, 96 %
2026/10/07 18:00:31.650, 16036 MiB, 23034 MiB, 59 %
2026/10/07 18:00:33.651, 16036 MiB, 23034 MiB, 55 %
2026/10/07 18:00:35.651, 16036 MiB, 23034 MiB, 96 %
2026/10/07 18:00:37.651, 16036 MiB, 23034 MiB, 96 %
2026/10/07 18:00:39.651, 16036 MiB, 23034 MiB, 97 %
2026/10/07 18:00:41.652, 16036 MiB, 23034 MiB, 97 %
2026/10/07 18:00:43.652, 16036 MiB, 23034 MiB, 97 %
2026/10/07 18:00:45.652, 16036 MiB, 23034 MiB, 97 %
2026/10/07 18:00:47.652, 16036 MiB, 23034 MiB, 97 %
2026/10/07 18:00:49.653, 16036 MiB, 23034 MiB, 97 %
2026/10/07 18:00:51.653, 16036 MiB, 23034 MiB, 97 %
2026/10/07 18:00:53.653, 16036 MiB, 23034 MiB, 96 %
2026/10/07 18:00:55.653, 16036 MiB, 23034 MiB, 97 %
2026/10/07 18:00:57.654, 16036 MiB, 23034 MiB, 97 %
2026/10/07 18:00:59.654, 16036 MiB, 23034 MiB, 96 %
2026/10/07 18:01:01.654, 16036 MiB, 23034 MiB, 97 %
2026/10/07 18:01:03.654, 16036 MiB, 23034 MiB, 79 %
2026/10/07 18:01:05.655, 16036 MiB, 23034 MiB, 97 %
2026/10/07 18:01:07.655, 16036 MiB, 23034 MiB, 88 %
2026/10/07 18:01:09.655, 16036 MiB, 23034 MiB, 88 %
2026/10/07 18:01:11.656, 16036 MiB, 23034 MiB, 97 %
2026/10/07 18:01:13.656, 16036 MiB, 23034 MiB, 97 %
2026/10/07 18:01:15.656, 16036 MiB, 23034 MiB, 96 %
2026/10/07 18:01:17.656, 16036 MiB, 23034 MiB, 96 %
2026/10/07 18:01:19.657, 16036 MiB, 23034 MiB, 96 %
2026/10/07 18:01:21.657, 16036 MiB, 23034 MiB, 97 %
2026/10/07 18:01:23.657, 16036 MiB, 23034 MiB, 97 %
2026/10/07 18:01:25.657, 16036 MiB, 23034 MiB, 96 %
2026/10/07 18:01:27.658, 16036 MiB, 23034 MiB, 97 %
2026/10/07 18:01:29.658, 16036 MiB, 23034 MiB, 97 %
2026/10/07 18:01:31.658, 16036 MiB, 23034 MiB, 96 %
2026/10/07 18:01:33.659, 16036 MiB, 23034 MiB, 97 %
2026/10/07 18:01:35.659, 16036 MiB, 23034 MiB, 97 %
2026/10/07 18:01:37.659, 16036 MiB, 23034 MiB, 96 %
2026/10/07 18:01:39.659, 16036 MiB, 23034 MiB, 97 %
2026/10/07 18:01:41.660, 16036 MiB, 23034 MiB, 96 %
2026/10/07 18:01:43.660, 16036 MiB, 23034 MiB, 55 %
2026/10/07 18:01:45.660, 16036 MiB, 23034 MiB, 96 %
2026/10/07 18:01:47.660, 16036 MiB, 23034 MiB, 95 %
2026/10/07 18:01:49.661, 16036 MiB, 23034 MiB, 96 %
2026/10/07 18:01:51.661, 16036 MiB, 23034 MiB, 97 %
2026/10/07 18:01:53.661, 16036 MiB, 23034 MiB, 96 %
2026/10/07 18:01:55.662, 16036 MiB, 23034 MiB, 76 %
2026/10/07 18:01:57.662, 16036 MiB, 23034 MiB, 95 %
2026/10/07 18:01:59.662, 16036 MiB, 23034 MiB, 97 %
2026/10/07 18:02:01.662, 16036 MiB, 23034 MiB, 97 %
2026/10/07 18:02:03.663, 16036 MiB, 23034 MiB, 97 %
2026/10/07 18:02:05.663, 16036 MiB, 23034 MiB, 97 %
2026/10/07 18:02:07.663, 16036 MiB, 23034 MiB, 94 %
2026/10/07 18:02:09.664, 16036 MiB, 23034 MiB, 96 %
2026/10/07 18:02:11.664, 16036 MiB, 23034 MiB, 97 %
2026/10/07 18:02:13.664, 16036 MiB, 23034 MiB, 97 %
2026/10/07 18:02:15.664, 16036 MiB, 23034 MiB, 97 %
2026/10/07 18:02:17.665, 16036 MiB, 23034 MiB, 95 %
2026/10/07 18:02:19.665, 16036 MiB, 23034 MiB, 97 %
2026/10/07 18:02:21.665, 16036 MiB, 23034 MiB, 97 %
2026/10/07 18:02:23.666, 16036 MiB, 23034 MiB, 97 %
2026/10/07 18:02:25.666, 16036 MiB, 23034 MiB, 90 %
2026/10/07 18:02:27.666, 16036 MiB, 23034 MiB, 95 %
2026/10/07 18:02:29.666, 16036 MiB, 23034 MiB, 97 %
2026/10/07 18:02:31.667, 16036 MiB, 23034 MiB, 97 %
2026/10/07 18:02:33.667, 16036 MiB, 23034 MiB, 96 %
2026/10/07 18:02:35.667, 16036 MiB, 23034 MiB, 97 %
2026/10/07 18:02:37.668, 16036 MiB, 23034 MiB, 96 %
2026/10/07 18:02:39.668, 16036 MiB, 23034 MiB, 97 %
2026/10/07 18:02:41.668, 16036 MiB, 23034 MiB, 96 %
2026/10/07 18:02:43.668, 16036 MiB, 23034 MiB, 97 %
2026/10/07 18:02:45.671, 16036 MiB, 23034 MiB, 97 %
2026/10/07 18:02:47.671, 16036 MiB, 23034 MiB, 97 %
2026/10/07 18:02:49.672, 16036 MiB, 23034 MiB, 97 %
2026/10/07 18:02:51.672, 16036 MiB, 23034 MiB, 97 %
2026/10/07 18:02:53.672, 16036 MiB, 23034 MiB, 83 %
2026/10/07 18:02:55.672, 16036 MiB, 23034 MiB, 97 %
2026/10/07 18:02:57.673, 16036 MiB, 23034 MiB, 82 %
2026/10/07 18:02:59.673, 16036 MiB, 23034 MiB, 96 %
2026/10/07 18:03:01.673, 16036 MiB, 23034 MiB, 96 %
2026/10/07 18:03:03.674, 16036 MiB, 23034 MiB, 97 %
2026/10/07 18:03:05.674, 16036 MiB, 23034 MiB, 97 %
2026/10/07 18:03:07.674, 16036 MiB, 23034 MiB, 97 %
2026/10/07 18:03:09.674, 16036 MiB, 23034 MiB, 95 %
2026/10/07 18:03:11.675, 16036 MiB, 23034 MiB, 97 %
2026/10/07 18:03:13.675, 16036 MiB, 23034 MiB, 96 %
2026/10/07 18:03:15.675, 16036 MiB, 23034 MiB, 96 %
2026/10/07 18:03:17.676, 16036 MiB, 23034 MiB, 96 %
2026/10/07 18:03:19.676, 16036 MiB, 23034 MiB, 96 %
2026/10/07 18:03:21.676, 16036 MiB, 23034 MiB, 97 %
2026/10/07 18:03:23.676, 16036 MiB, 23034 MiB, 53 %
2026/10/07 18:03:25.677, 16036 MiB, 23034 MiB, 97 %
2026/10/07 18:03:27.677, 16036 MiB, 23034 MiB, 52 %
2026/10/07 18:03:29.677, 16036 MiB, 23034 MiB, 97 %
2026/10/07 18:03:31.678, 16036 MiB, 23034 MiB, 97 %
2026/10/07 18:03:33.678, 16036 MiB, 23034 MiB, 97 %
2026/10/07 18:03:35.678, 16036 MiB, 23034 MiB, 97 %
2026/10/07 18:03:37.678, 16036 MiB, 23034 MiB, 96 %
2026/10/07 18:03:39.679, 16036 MiB, 23034 MiB, 97 %
2026/10/07 18:03:41.679, 16036 MiB, 23034 MiB, 97 %
2026/10/07 18:03:43.679, 16036 MiB, 23034 MiB, 97 %
2026/10/07 18:03:45.679, 16036 MiB, 23034 MiB, 97 %
2026/10/07 18:03:47.680, 16036 MiB, 23034 MiB, 52 %
2026/10/07 18:03:49.680, 16036 MiB, 23034 MiB, 97 %
2026/10/07 18:03:51.680, 16036 MiB, 23034 MiB, 97 %
2026/10/07 18:03:53.680, 16036 MiB, 23034 MiB, 97 %
2026/10/07 18:03:55.681, 16036 MiB, 23034 MiB, 97 %
2026/10/07 18:03:57.681, 16036 MiB, 23034 MiB, 86 %
2026/10/07 18:03:59.681, 16036 MiB, 23034 MiB, 90 %
2026/10/07 18:04:01.682, 16036 MiB, 23034 MiB, 87 %
2026/10/07 18:04:03.682, 16036 MiB, 23034 MiB, 97 %
2026/10/07 18:04:05.682, 16036 MiB, 23034 MiB, 96 %
2026/10/07 18:04:07.682, 16036 MiB, 23034 MiB, 94 %
2026/10/07 18:04:09.683, 16036 MiB, 23034 MiB, 83 %
2026/10/07 18:04:11.683, 16036 MiB, 23034 MiB, 97 %
2026/10/07 18:04:13.683, 16036 MiB, 23034 MiB, 97 %
2026/10/07 18:04:15.684, 16036 MiB, 23034 MiB, 84 %
2026/10/07 18:04:17.684, 16036 MiB, 23034 MiB, 47 %
2026/10/07 18:04:19.684, 16036 MiB, 23034 MiB, 97 %
2026/10/07 18:04:21.684, 16036 MiB, 23034 MiB, 96 %
2026/10/07 18:04:23.685, 16036 MiB, 23034 MiB, 96 %
2026/10/07 18:04:25.685, 16036 MiB, 23034 MiB, 97 %
2026/10/07 18:04:27.685, 16036 MiB, 23034 MiB, 95 %
2026/10/07 18:04:29.685, 16036 MiB, 23034 MiB, 97 %
2026/10/07 18:04:31.686, 16036 MiB, 23034 MiB, 97 %
2026/10/07 18:04:33.686, 16036 MiB, 23034 MiB, 96 %
2026/10/07 18:04:35.686, 16036 MiB, 23034 MiB, 96 %
2026/10/07 18:04:37.686, 16036 MiB, 23034 MiB, 95 %
2026/10/07 18:04:39.687, 16036 MiB, 23034 MiB, 97 %
2026/10/07 18:04:41.687, 16036 MiB, 23034 MiB, 97 %
2026/10/07 18:04:43.687, 16036 MiB, 23034 MiB, 97 %
2026/10/07 18:04:45.688, 16036 MiB, 23034 MiB, 97 %
2026/10/07 18:04:47.688, 16036 MiB, 23034 MiB, 96 %
2026/10/07 18:04:49.688, 16036 MiB, 23034 MiB, 97 %
2026/10/07 18:04:51.688, 16036 MiB, 23034 MiB, 97 %
2026/10/07 18:04:53.689, 16036 MiB, 23034 MiB, 97 %
2026/10/07 18:04:55.689, 16036 MiB, 23034 MiB, 97 %
2026/10/07 18:04:57.689, 16036 MiB, 23034 MiB, 73 %
2026/10/07 18:04:59.689, 16036 MiB, 23034 MiB, 80 %
2026/10/07 18:05:01.690, 16036 MiB, 23034 MiB, 76 %
2026/10/07 18:05:03.690, 16036 MiB, 23034 MiB, 87 %
2026/10/07 18:05:05.690, 16036 MiB, 23034 MiB, 97 %
2026/10/07 18:05:07.690, 16036 MiB, 23034 MiB, 96 %
2026/10/07 18:05:09.691, 16036 MiB, 23034 MiB, 96 %
2026/10/07 18:05:11.691, 16036 MiB, 23034 MiB, 96 %
2026/10/07 18:05:13.691, 16036 MiB, 23034 MiB, 96 %
2026/10/07 18:05:15.692, 16036 MiB, 23034 MiB, 96 %
2026/10/07 18:05:17.692, 16036 MiB, 23034 MiB, 96 %
2026/10/07 18:05:19.692, 16036 MiB, 23034 MiB, 97 %
2026/10/07 18:05:21.692, 16036 MiB, 23034 MiB, 97 %
2026/10/07 18:05:23.693, 16036 MiB, 23034 MiB, 84 %
2026/10/07 18:05:25.693, 16036 MiB, 23034 MiB, 96 %
2026/10/07 18:05:27.693, 16036 MiB, 23034 MiB, 96 %
2026/10/07 18:05:29.694, 16036 MiB, 23034 MiB, 54 %
2026/10/07 18:05:31.694, 16036 MiB, 23034 MiB, 97 %
2026/10/07 18:05:33.694, 16036 MiB, 23034 MiB, 59 %
2026/10/07 18:05:35.694, 16036 MiB, 23034 MiB, 97 %
2026/10/07 18:05:37.695, 16036 MiB, 23034 MiB, 96 %
2026/10/07 18:05:39.695, 16036 MiB, 23034 MiB, 96 %
2026/10/07 18:05:41.695, 16036 MiB, 23034 MiB, 97 %
2026/10/07 18:05:43.695, 16036 MiB, 23034 MiB, 96 %
2026/10/07 18:05:45.696, 16036 MiB, 23034 MiB, 54 %
2026/10/07 18:05:47.696, 16036 MiB, 23034 MiB, 96 %
2026/10/07 18:05:49.696, 16036 MiB, 23034 MiB, 97 %
2026/10/07 18:05:51.697, 16036 MiB, 23034 MiB, 96 %
2026/10/07 18:05:53.697, 16036 MiB, 23034 MiB, 97 %
2026/10/07 18:05:55.697, 16036 MiB, 23034 MiB, 97 %
2026/10/07 18:05:57.697, 16036 MiB, 23034 MiB, 97 %
2026/10/07 18:05:59.698, 16036 MiB, 23034 MiB, 97 %
2026/10/07 18:06:01.698, 16036 MiB, 23034 MiB, 90 %
2026/10/07 18:06:03.698, 16036 MiB, 23034 MiB, 96 %
2026/10/07 18:06:05.698, 16036 MiB, 23034 MiB, 97 %
2026/10/07 18:06:07.699, 16036 MiB, 23034 MiB, 96 %
2026/10/07 18:06:09.699, 16036 MiB, 23034 MiB, 97 %
2026/10/07 18:06:11.699, 16036 MiB, 23034 MiB, 91 %
2026/10/07 18:06:13.699, 16036 MiB, 23034 MiB, 96 %
2026/10/07 18:06:15.700, 16036 MiB, 23034 MiB, 96 %
2026/10/07 18:06:17.700, 16036 MiB, 23034 MiB, 96 %
2026/10/07 18:06:19.700, 16036 MiB, 23034 MiB, 97 %
2026/10/07 18:06:21.701, 16036 MiB, 23034 MiB, 94 %
2026/10/07 18:06:23.701, 16036 MiB, 23034 MiB, 97 %
2026/10/07 18:06:25.701, 16036 MiB, 23034 MiB, 60 %
2026/10/07 18:06:27.701, 16036 MiB, 23034 MiB, 96 %
2026/10/07 18:06:29.702, 16036 MiB, 23034 MiB, 96 %
2026/10/07 18:06:31.702, 16036 MiB, 23034 MiB, 97 %
2026/10/07 18:06:33.702, 16036 MiB, 23034 MiB, 97 %
2026/10/07 18:06:35.702, 16036 MiB, 23034 MiB, 56 %
2026/10/07 18:06:37.703, 16036 MiB, 23034 MiB, 96 %
2026/10/07 18:06:39.703, 16036 MiB, 23034 MiB, 97 %
2026/10/07 18:06:41.703, 16036 MiB, 23034 MiB, 97 %
2026/10/07 18:06:43.704, 16036 MiB, 23034 MiB, 96 %
2026/10/07 18:06:45.704, 16036 MiB, 23034 MiB, 97 %
2026/10/07 18:06:47.704, 16036 MiB, 23034 MiB, 95 %
2026/10/07 18:06:49.704, 16036 MiB, 23034 MiB, 97 %
2026/10/07 18:06:51.705, 16036 MiB, 23034 MiB, 87 %
2026/10/07 18:06:53.705, 16036 MiB, 23034 MiB, 96 %
2026/10/07 18:06:55.705, 16036 MiB, 23034 MiB, 94 %
2026/10/07 18:06:57.706, 16036 MiB, 23034 MiB, 48 %
2026/10/07 18:06:59.706, 16036 MiB, 23034 MiB, 97 %
2026/10/07 18:07:01.706, 16036 MiB, 23034 MiB, 96 %
2026/10/07 18:07:03.706, 16036 MiB, 23034 MiB, 69 %
2026/10/07 18:07:05.707, 16036 MiB, 23034 MiB, 97 %
2026/10/07 18:07:07.707, 16036 MiB, 23034 MiB, 96 %
2026/10/07 18:07:09.707, 16036 MiB, 23034 MiB, 97 %
2026/10/07 18:07:11.707, 16036 MiB, 23034 MiB, 55 %
2026/10/07 18:07:13.708, 16036 MiB, 23034 MiB, 96 %
2026/10/07 18:07:15.708, 16036 MiB, 23034 MiB, 46 %
2026/10/07 18:07:17.708, 16036 MiB, 23034 MiB, 95 %
2026/10/07 18:07:19.709, 16036 MiB, 23034 MiB, 97 %
2026/10/07 18:07:21.709, 16036 MiB, 23034 MiB, 97 %
2026/10/07 18:07:23.709, 16036 MiB, 23034 MiB, 97 %
2026/10/07 18:07:25.709, 16036 MiB, 23034 MiB, 53 %
2026/10/07 18:07:27.710, 16036 MiB, 23034 MiB, 95 %
2026/10/07 18:07:29.710, 16036 MiB, 23034 MiB, 97 %
2026/10/07 18:07:31.710, 16036 MiB, 23034 MiB, 96 %
2026/10/07 18:07:33.710, 16036 MiB, 23034 MiB, 97 %
2026/10/07 18:07:35.711, 16036 MiB, 23034 MiB, 97 %
2026/10/07 18:07:37.711, 16036 MiB, 23034 MiB, 84 %
2026/10/07 18:07:39.711, 16036 MiB, 23034 MiB, 97 %
2026/10/07 18:07:41.712, 16036 MiB, 23034 MiB, 64 %
2026/10/07 18:07:43.712, 16036 MiB, 23034 MiB, 97 %
2026/10/07 18:07:45.712, 16036 MiB, 23034 MiB, 96 %
2026/10/07 18:07:47.712, 16036 MiB, 23034 MiB, 96 %
2026/10/07 18:07:49.713, 16036 MiB, 23034 MiB, 97 %
2026/10/07 18:07:51.713, 16036 MiB, 23034 MiB, 97 %
2026/10/07 18:07:53.713, 16036 MiB, 23034 MiB, 97 %
2026/10/07 18:07:55.714, 16036 MiB, 23034 MiB, 96 %
2026/10/07 18:07:57.714, 16036 MiB, 23034 MiB, 96 %
2026/10/07 18:07:59.714, 16036 MiB, 23034 MiB, 59 %
2026/10/07 18:08:01.714, 16036 MiB, 23034 MiB, 97 %
2026/10/07 18:08:03.715, 16036 MiB, 23034 MiB, 55 %
2026/10/07 18:08:05.715, 16036 MiB, 23034 MiB, 97 %
2026/10/07 18:08:07.715, 16036 MiB, 23034 MiB, 96 %
2026/10/07 18:08:09.716, 16036 MiB, 23034 MiB, 97 %
2026/10/07 18:08:11.716, 16036 MiB, 23034 MiB, 97 %
2026/10/07 18:08:13.716, 16036 MiB, 23034 MiB, 96 %
2026/10/07 18:08:15.716, 16036 MiB, 23034 MiB, 97 %
2026/10/07 18:08:17.717, 16036 MiB, 23034 MiB, 97 %
2026/10/07 18:08:19.717, 16036 MiB, 23034 MiB, 51 %
2026/10/07 18:08:21.717, 16036 MiB, 23034 MiB, 96 %
2026/10/07 18:08:23.717, 16036 MiB, 23034 MiB, 97 %
2026/10/07 18:08:25.718, 16036 MiB, 23034 MiB, 97 %
2026/10/07 18:08:27.718, 16036 MiB, 23034 MiB, 96 %
2026/10/07 18:08:29.718, 16036 MiB, 23034 MiB, 54 %
2026/10/07 18:08:31.719, 16036 MiB, 23034 MiB, 69 %
2026/10/07 18:08:33.719, 16036 MiB, 23034 MiB, 96 %
2026/10/07 18:08:35.719, 16036 MiB, 23034 MiB, 97 %
2026/10/07 18:08:37.719, 16036 MiB, 23034 MiB, 97 %
2026/10/07 18:08:39.720, 16036 MiB, 23034 MiB, 97 %
2026/10/07 18:08:41.720, 16036 MiB, 23034 MiB, 97 %
2026/10/07 18:08:43.720, 16036 MiB, 23034 MiB, 96 %
2026/10/07 18:08:45.720, 16036 MiB, 23034 MiB, 90 %
2026/10/07 18:08:47.721, 16036 MiB, 23034 MiB, 44 %
2026/10/07 18:08:49.721, 16036 MiB, 23034 MiB, 97 %
2026/10/07 18:08:51.721, 16036 MiB, 23034 MiB, 69 %
2026/10/07 18:08:53.722, 16036 MiB, 23034 MiB, 97 %
2026/10/07 18:08:55.722, 16036 MiB, 23034 MiB, 96 %
2026/10/07 18:08:57.722, 16036 MiB, 23034 MiB, 96 %
2026/10/07 18:08:59.722, 16036 MiB, 23034 MiB, 87 %
2026/10/07 18:09:01.723, 16036 MiB, 23034 MiB, 97 %
2026/10/07 18:09:03.723, 16036 MiB, 23034 MiB, 97 %
2026/10/07 18:09:05.723, 16036 MiB, 23034 MiB, 97 %
2026/10/07 18:09:07.723, 16036 MiB, 23034 MiB, 95 %
2026/10/07 18:09:09.724, 16036 MiB, 23034 MiB, 97 %
2026/10/07 18:09:11.724, 16036 MiB, 23034 MiB, 96 %
2026/10/07 18:09:13.724, 16036 MiB, 23034 MiB, 97 %
2026/10/07 18:09:15.724, 16036 MiB, 23034 MiB, 91 %
2026/10/07 18:09:17.725, 16036 MiB, 23034 MiB, 95 %
2026/10/07 18:09:19.725, 16036 MiB, 23034 MiB, 91 %
2026/10/07 18:09:21.729, 16036 MiB, 23034 MiB, 87 %
2026/10/07 18:09:23.729, 16036 MiB, 23034 MiB, 97 %
2026/10/07 18:09:25.729, 16036 MiB, 23034 MiB, 97 %
2026/10/07 18:09:27.729, 16036 MiB, 23034 MiB, 95 %
2026/10/07 18:09:29.730, 16036 MiB, 23034 MiB, 97 %
2026/10/07 18:09:31.730, 16036 MiB, 23034 MiB, 96 %
2026/10/07 18:09:33.730, 16036 MiB, 23034 MiB, 54 %
2026/10/07 18:09:35.731, 16036 MiB, 23034 MiB, 97 %
2026/10/07 18:09:37.731, 16036 MiB, 23034 MiB, 80 %
2026/10/07 18:09:39.731, 16036 MiB, 23034 MiB, 96 %
2026/10/07 18:09:41.731, 16036 MiB, 23034 MiB, 54 %
2026/10/07 18:09:43.732, 16036 MiB, 23034 MiB, 96 %
2026/10/07 18:09:45.732, 16036 MiB, 23034 MiB, 54 %
2026/10/07 18:09:47.732, 16036 MiB, 23034 MiB, 96 %
2026/10/07 18:09:49.732, 16036 MiB, 23034 MiB, 97 %
2026/10/07 18:09:51.733, 16036 MiB, 23034 MiB, 97 %
2026/10/07 18:09:53.733, 16036 MiB, 23034 MiB, 97 %
2026/10/07 18:09:55.733, 16036 MiB, 23034 MiB, 97 %
2026/10/07 18:09:57.733, 16036 MiB, 23034 MiB, 95 %
2026/10/07 18:09:59.734, 16036 MiB, 23034 MiB, 97 %
2026/10/07 18:10:01.734, 16036 MiB, 23034 MiB, 53 %
2026/10/07 18:10:03.734, 16036 MiB, 23034 MiB, 97 %
2026/10/07 18:10:05.735, 16036 MiB, 23034 MiB, 97 %
2026/10/07 18:10:07.735, 16036 MiB, 23034 MiB, 96 %
2026/10/07 18:10:09.735, 16036 MiB, 23034 MiB, 58 %
2026/10/07 18:10:11.735, 16036 MiB, 23034 MiB, 97 %
2026/10/07 18:10:13.736, 16036 MiB, 23034 MiB, 97 %
2026/10/07 18:10:15.736, 16036 MiB, 23034 MiB, 82 %
2026/10/07 18:10:17.737, 16036 MiB, 23034 MiB, 65 %
2026/10/07 18:10:19.737, 16036 MiB, 23034 MiB, 96 %
2026/10/07 18:10:21.737, 16036 MiB, 23034 MiB, 87 %
2026/10/07 18:10:23.737, 16036 MiB, 23034 MiB, 54 %
2026/10/07 18:10:25.738, 16036 MiB, 23034 MiB, 97 %
2026/10/07 18:10:27.738, 16036 MiB, 23034 MiB, 96 %
2026/10/07 18:10:29.738, 16036 MiB, 23034 MiB, 91 %
2026/10/07 18:10:31.739, 16036 MiB, 23034 MiB, 87 %
2026/10/07 18:10:33.739, 16036 MiB, 23034 MiB, 95 %
2026/10/07 18:10:35.739, 16036 MiB, 23034 MiB, 97 %
2026/10/07 18:10:37.739, 16036 MiB, 23034 MiB, 97 %
2026/10/07 18:10:39.740, 16036 MiB, 23034 MiB, 97 %
2026/10/07 18:10:41.740, 16036 MiB, 23034 MiB, 97 %
2026/10/07 18:10:43.740, 16036 MiB, 23034 MiB, 96 %
2026/10/07 18:10:45.741, 16036 MiB, 23034 MiB, 97 %
2026/10/07 18:10:47.741, 16036 MiB, 23034 MiB, 97 %
2026/10/07 18:10:49.741, 16036 MiB, 23034 MiB, 91 %
2026/10/07 18:10:51.741, 16036 MiB, 23034 MiB, 97 %
2026/10/07 18:10:53.742, 16036 MiB, 23034 MiB, 52 %
2026/10/07 18:10:55.742, 16036 MiB, 23034 MiB, 97 %
2026/10/07 18:10:57.742, 16036 MiB, 23034 MiB, 96 %
2026/10/07 18:10:59.743, 16036 MiB, 23034 MiB, 97 %
2026/10/07 18:11:01.743, 16036 MiB, 23034 MiB, 56 %
2026/10/07 18:11:03.743, 16036 MiB, 23034 MiB, 86 %
2026/10/07 18:11:05.744, 16036 MiB, 23034 MiB, 96 %
2026/10/07 18:11:07.744, 16036 MiB, 23034 MiB, 96 %
2026/10/07 18:11:09.744, 16036 MiB, 23034 MiB, 90 %
2026/10/07 18:11:11.744, 16036 MiB, 23034 MiB, 96 %
2026/10/07 18:11:13.745, 16036 MiB, 23034 MiB, 0 %
2026/10/07 18:11:15.745, 16036 MiB, 23034 MiB, 90 %
2026/10/07 18:11:17.745, 16036 MiB, 23034 MiB, 95 %
2026/10/07 18:11:19.745, 16036 MiB, 23034 MiB, 69 %
2026/10/07 18:11:21.746, 16036 MiB, 23034 MiB, 96 %
2026/10/07 18:11:23.746, 16036 MiB, 23034 MiB, 97 %
2026/10/07 18:11:25.746, 16036 MiB, 23034 MiB, 58 %
2026/10/07 18:11:27.747, 16036 MiB, 23034 MiB, 94 %
2026/10/07 18:11:29.747, 16036 MiB, 23034 MiB, 87 %
2026/10/07 18:11:31.747, 16036 MiB, 23034 MiB, 58 %
2026/10/07 18:11:33.747, 16036 MiB, 23034 MiB, 96 %
2026/10/07 18:11:35.748, 16036 MiB, 23034 MiB, 97 %
2026/10/07 18:11:37.748, 16036 MiB, 23034 MiB, 55 %
2026/10/07 18:11:39.748, 16036 MiB, 23034 MiB, 96 %
2026/10/07 18:11:41.748, 16036 MiB, 23034 MiB, 72 %
2026/10/07 18:11:43.749, 16036 MiB, 23034 MiB, 96 %
2026/10/07 18:11:45.749, 16036 MiB, 23034 MiB, 96 %
2026/10/07 18:11:47.749, 16036 MiB, 23034 MiB, 96 %
2026/10/07 18:11:49.750, 16036 MiB, 23034 MiB, 97 %
2026/10/07 18:11:51.750, 16036 MiB, 23034 MiB, 91 %
2026/10/07 18:11:53.750, 16036 MiB, 23034 MiB, 96 %
2026/10/07 18:11:55.750, 16036 MiB, 23034 MiB, 96 %
2026/10/07 18:11:57.751, 16036 MiB, 23034 MiB, 90 %
2026/10/07 18:11:59.751, 16036 MiB, 23034 MiB, 97 %
2026/10/07 18:12:01.751, 16036 MiB, 23034 MiB, 97 %
2026/10/07 18:12:03.751, 16036 MiB, 23034 MiB, 96 %
2026/10/07 18:12:05.752, 16036 MiB, 23034 MiB, 97 %
2026/10/07 18:12:07.752, 16036 MiB, 23034 MiB, 96 %
2026/10/07 18:12:09.752, 16036 MiB, 23034 MiB, 90 %
2026/10/07 18:12:11.753, 16036 MiB, 23034 MiB, 97 %
2026/10/07 18:12:13.753, 16036 MiB, 23034 MiB, 67 %
2026/10/07 18:12:15.753, 16036 MiB, 23034 MiB, 96 %
2026/10/07 18:12:17.753, 16036 MiB, 23034 MiB, 95 %
2026/10/07 18:12:19.754, 16036 MiB, 23034 MiB, 96 %
2026/10/07 18:12:21.754, 16036 MiB, 23034 MiB, 97 %
2026/10/07 18:12:23.754, 16036 MiB, 23034 MiB, 84 %
2026/10/07 18:12:25.755, 16036 MiB, 23034 MiB, 87 %
2026/10/07 18:12:27.755, 16036 MiB, 23034 MiB, 88 %
2026/10/07 18:12:29.755, 16036 MiB, 23034 MiB, 97 %
2026/10/07 18:12:31.755, 16036 MiB, 23034 MiB, 96 %
2026/10/07 18:12:33.756, 16036 MiB, 23034 MiB, 96 %
2026/10/07 18:12:35.756, 16036 MiB, 23034 MiB, 75 %
2026/10/07 18:12:37.756, 16036 MiB, 23034 MiB, 96 %
2026/10/07 18:12:39.757, 16036 MiB, 23034 MiB, 96 %
2026/10/07 18:12:41.757, 16036 MiB, 23034 MiB, 97 %
2026/10/07 18:12:43.757, 16036 MiB, 23034 MiB, 91 %
2026/10/07 18:12:45.757, 16036 MiB, 23034 MiB, 90 %
2026/10/07 18:12:47.758, 16036 MiB, 23034 MiB, 97 %
2026/10/07 18:12:49.758, 16036 MiB, 23034 MiB, 97 %
2026/10/07 18:12:51.758, 16036 MiB, 23034 MiB, 95 %
2026/10/07 18:12:53.758, 16036 MiB, 23034 MiB, 96 %
2026/10/07 18:12:55.759, 16036 MiB, 23034 MiB, 97 %
2026/10/07 18:12:57.759, 16036 MiB, 23034 MiB, 52 %
2026/10/07 18:12:59.759, 16036 MiB, 23034 MiB, 71 %
2026/10/07 18:13:01.760, 16036 MiB, 23034 MiB, 97 %
2026/10/07 18:13:03.760, 16036 MiB, 23034 MiB, 96 %
2026/10/07 18:13:05.760, 16036 MiB, 23034 MiB, 56 %
2026/10/07 18:13:07.760, 16036 MiB, 23034 MiB, 96 %
2026/10/07 18:13:09.761, 16036 MiB, 23034 MiB, 97 %
2026/10/07 18:13:11.761, 16036 MiB, 23034 MiB, 96 %
2026/10/07 18:13:13.761, 16036 MiB, 23034 MiB, 96 %
2026/10/07 18:13:15.761, 16036 MiB, 23034 MiB, 97 %
2026/10/07 18:13:17.762, 16036 MiB, 23034 MiB, 82 %
2026/10/07 18:13:19.762, 16036 MiB, 23034 MiB, 97 %
2026/10/07 18:13:21.762, 16036 MiB, 23034 MiB, 97 %
2026/10/07 18:13:23.762, 16036 MiB, 23034 MiB, 91 %
2026/10/07 18:13:25.763, 16036 MiB, 23034 MiB, 97 %
2026/10/07 18:13:27.763, 16036 MiB, 23034 MiB, 96 %
2026/10/07 18:13:29.763, 16036 MiB, 23034 MiB, 97 %
2026/10/07 18:13:31.763, 16036 MiB, 23034 MiB, 97 %
2026/10/07 18:13:33.764, 16036 MiB, 23034 MiB, 53 %
2026/10/07 18:13:35.764, 16036 MiB, 23034 MiB, 86 %
2026/10/07 18:13:37.764, 16036 MiB, 23034 MiB, 97 %
2026/10/07 18:13:39.764, 16036 MiB, 23034 MiB, 57 %
2026/10/07 18:13:41.765, 16036 MiB, 23034 MiB, 58 %
2026/10/07 18:13:43.765, 16036 MiB, 23034 MiB, 96 %
2026/10/07 18:13:45.765, 16036 MiB, 23034 MiB, 97 %
2026/10/07 18:13:47.766, 16036 MiB, 23034 MiB, 97 %
2026/10/07 18:13:49.766, 16036 MiB, 23034 MiB, 97 %
2026/10/07 18:13:51.766, 16036 MiB, 23034 MiB, 97 %
2026/10/07 18:13:53.766, 16036 MiB, 23034 MiB, 96 %
2026/10/07 18:13:55.767, 16036 MiB, 23034 MiB, 74 %
2026/10/07 18:13:57.767, 16036 MiB, 23034 MiB, 97 %
2026/10/07 18:13:59.767, 16036 MiB, 23034 MiB, 96 %
2026/10/07 18:14:01.767, 16036 MiB, 23034 MiB, 97 %
2026/10/07 18:14:03.768, 16036 MiB, 23034 MiB, 96 %
2026/10/07 18:14:05.768, 16036 MiB, 23034 MiB, 97 %
2026/10/07 18:14:07.768, 16036 MiB, 23034 MiB, 95 %
2026/10/07 18:14:09.769, 16036 MiB, 23034 MiB, 90 %
2026/10/07 18:14:11.769, 16036 MiB, 23034 MiB, 55 %
2026/10/07 18:14:13.769, 16036 MiB, 23034 MiB, 96 %
2026/10/07 18:14:15.769, 16036 MiB, 23034 MiB, 54 %
2026/10/07 18:14:17.770, 16036 MiB, 23034 MiB, 95 %
2026/10/07 18:14:19.770, 16036 MiB, 23034 MiB, 97 %
2026/10/07 18:14:21.770, 16036 MiB, 23034 MiB, 97 %
2026/10/07 18:14:23.771, 16036 MiB, 23034 MiB, 56 %
2026/10/07 18:14:25.771, 16036 MiB, 23034 MiB, 81 %
2026/10/07 18:14:27.771, 16036 MiB, 23034 MiB, 95 %
2026/10/07 18:14:29.771, 16036 MiB, 23034 MiB, 96 %
2026/10/07 18:14:31.772, 16036 MiB, 23034 MiB, 97 %
2026/10/07 18:14:33.772, 16036 MiB, 23034 MiB, 97 %
2026/10/07 18:14:35.772, 16036 MiB, 23034 MiB, 97 %
2026/10/07 18:14:37.772, 16036 MiB, 23034 MiB, 95 %
2026/10/07 18:14:39.773, 16036 MiB, 23034 MiB, 96 %
2026/10/07 18:14:41.773, 16036 MiB, 23034 MiB, 57 %
2026/10/07 18:14:43.773, 16036 MiB, 23034 MiB, 96 %
2026/10/07 18:14:45.774, 16036 MiB, 23034 MiB, 97 %
2026/10/07 18:14:47.774, 16036 MiB, 23034 MiB, 95 %
2026/10/07 18:14:49.774, 16036 MiB, 23034 MiB, 97 %
2026/10/07 18:14:51.774, 16036 MiB, 23034 MiB, 87 %
2026/10/07 18:14:53.775, 16036 MiB, 23034 MiB, 97 %
2026/10/07 18:14:55.775, 16104 MiB, 23034 MiB, 97 %
2026/10/07 18:14:57.775, 16104 MiB, 23034 MiB, 95 %
2026/10/07 18:14:59.776, 16104 MiB, 23034 MiB, 97 %
2026/10/07 18:15:01.776, 16104 MiB, 23034 MiB, 97 %
2026/10/07 18:15:03.776, 16104 MiB, 23034 MiB, 91 %
2026/10/07 18:15:05.776, 16104 MiB, 23034 MiB, 51 %
2026/10/07 18:15:07.777, 16104 MiB, 23034 MiB, 97 %
2026/10/07 18:15:09.777, 16104 MiB, 23034 MiB, 97 %
2026/10/07 18:15:11.777, 16104 MiB, 23034 MiB, 97 %
2026/10/07 18:15:13.777, 16104 MiB, 23034 MiB, 97 %
2026/10/07 18:15:15.778, 16104 MiB, 23034 MiB, 76 %
2026/10/07 18:15:17.778, 16104 MiB, 23034 MiB, 96 %
2026/10/07 18:15:19.778, 16104 MiB, 23034 MiB, 97 %
2026/10/07 18:15:21.779, 16104 MiB, 23034 MiB, 91 %
2026/10/07 18:15:23.779, 16104 MiB, 23034 MiB, 54 %
2026/10/07 18:15:25.779, 16104 MiB, 23034 MiB, 96 %
2026/10/07 18:15:27.779, 16104 MiB, 23034 MiB, 96 %
2026/10/07 18:15:29.780, 16104 MiB, 23034 MiB, 53 %
2026/10/07 18:15:31.780, 16104 MiB, 23034 MiB, 97 %
2026/10/07 18:15:33.780, 16104 MiB, 23034 MiB, 97 %
2026/10/07 18:15:35.781, 16104 MiB, 23034 MiB, 95 %
2026/10/07 18:15:37.781, 16104 MiB, 23034 MiB, 96 %
2026/10/07 18:15:39.781, 16104 MiB, 23034 MiB, 96 %
2026/10/07 18:15:41.781, 16104 MiB, 23034 MiB, 97 %
2026/10/07 18:15:43.782, 16104 MiB, 23034 MiB, 46 %
2026/10/07 18:15:45.782, 16104 MiB, 23034 MiB, 97 %
2026/10/07 18:15:47.782, 16104 MiB, 23034 MiB, 96 %
2026/10/07 18:15:49.782, 16104 MiB, 23034 MiB, 97 %
2026/10/07 18:15:51.783, 16104 MiB, 23034 MiB, 89 %
2026/10/07 18:15:53.783, 16104 MiB, 23034 MiB, 97 %
2026/10/07 18:15:55.783, 16104 MiB, 23034 MiB, 97 %
2026/10/07 18:15:57.783, 16104 MiB, 23034 MiB, 96 %
2026/10/07 18:15:59.784, 16104 MiB, 23034 MiB, 53 %
2026/10/07 18:16:01.784, 16104 MiB, 23034 MiB, 97 %
2026/10/07 18:16:03.784, 16104 MiB, 23034 MiB, 97 %
2026/10/07 18:16:05.785, 16104 MiB, 23034 MiB, 97 %
2026/10/07 18:16:07.785, 16104 MiB, 23034 MiB, 96 %
2026/10/07 18:16:09.785, 16104 MiB, 23034 MiB, 96 %
2026/10/07 18:16:11.786, 16104 MiB, 23034 MiB, 80 %
2026/10/07 18:16:13.786, 16104 MiB, 23034 MiB, 97 %
2026/10/07 18:16:15.786, 16104 MiB, 23034 MiB, 90 %
2026/10/07 18:16:17.786, 16104 MiB, 23034 MiB, 97 %
2026/10/07 18:16:19.787, 16104 MiB, 23034 MiB, 97 %
2026/10/07 18:16:21.787, 16104 MiB, 23034 MiB, 97 %
2026/10/07 18:16:23.787, 16104 MiB, 23034 MiB, 70 %
2026/10/07 18:16:25.788, 16104 MiB, 23034 MiB, 97 %
2026/10/07 18:16:27.788, 16104 MiB, 23034 MiB, 95 %
2026/10/07 18:16:29.788, 16104 MiB, 23034 MiB, 97 %
2026/10/07 18:16:31.788, 16104 MiB, 23034 MiB, 95 %
2026/10/07 18:16:33.789, 16104 MiB, 23034 MiB, 54 %
2026/10/07 18:16:35.789, 16104 MiB, 23034 MiB, 97 %
2026/10/07 18:16:37.789, 16104 MiB, 23034 MiB, 97 %
2026/10/07 18:16:39.789, 16104 MiB, 23034 MiB, 97 %
2026/10/07 18:16:41.790, 16104 MiB, 23034 MiB, 97 %
2026/10/07 18:16:43.790, 16104 MiB, 23034 MiB, 96 %
2026/10/07 18:16:45.790, 16104 MiB, 23034 MiB, 97 %
2026/10/07 18:16:47.791, 16104 MiB, 23034 MiB, 97 %
2026/10/07 18:16:49.791, 16104 MiB, 23034 MiB, 97 %
2026/10/07 18:16:51.791, 16104 MiB, 23034 MiB, 60 %
2026/10/07 18:16:53.791, 16104 MiB, 23034 MiB, 51 %
2026/10/07 18:16:55.792, 16104 MiB, 23034 MiB, 90 %
2026/10/07 18:16:57.792, 16104 MiB, 23034 MiB, 96 %
2026/10/07 18:16:59.792, 16104 MiB, 23034 MiB, 96 %
2026/10/07 18:17:01.792, 16104 MiB, 23034 MiB, 96 %
2026/10/07 18:17:03.793, 16104 MiB, 23034 MiB, 96 %
2026/10/07 18:17:05.793, 16104 MiB, 23034 MiB, 96 %
2026/10/07 18:17:07.793, 16104 MiB, 23034 MiB, 97 %
2026/10/07 18:17:09.793, 16104 MiB, 23034 MiB, 97 %
2026/10/07 18:17:11.794, 16104 MiB, 23034 MiB, 64 %
2026/10/07 18:17:13.794, 16104 MiB, 23034 MiB, 96 %
2026/10/07 18:17:15.794, 16104 MiB, 23034 MiB, 97 %
2026/10/07 18:17:17.795, 16104 MiB, 23034 MiB, 73 %
2026/10/07 18:17:19.795, 16104 MiB, 23034 MiB, 96 %
2026/10/07 18:17:21.795, 16104 MiB, 23034 MiB, 97 %
2026/10/07 18:17:23.795, 16176 MiB, 23034 MiB, 96 %
2026/10/07 18:17:25.796, 16176 MiB, 23034 MiB, 96 %
2026/10/07 18:17:27.796, 16176 MiB, 23034 MiB, 96 %
2026/10/07 18:17:29.796, 16176 MiB, 23034 MiB, 97 %
2026/10/07 18:17:31.796, 16176 MiB, 23034 MiB, 56 %
2026/10/07 18:17:33.797, 16176 MiB, 23034 MiB, 96 %
2026/10/07 18:17:35.797, 16176 MiB, 23034 MiB, 91 %
2026/10/07 18:17:37.797, 16176 MiB, 23034 MiB, 89 %
2026/10/07 18:17:39.797, 16176 MiB, 23034 MiB, 0 %
